ref,citation_0,citation_1,citation_2,citation_3,citation_4,citation_5,citation_6,citation_7,citation_8,citation_9,citation_10,citation_11,citation_12,citation_13,citation_14,citation_15,citation_16,citation_17,citation_18,citation_19
reference_0,3.559573726816178,3.876255833886981,3.846309421078563,3.342690335532403,3.3606622525460126,2.996058922240908,3.2551213393576863,3.3655399561430794,3.8635391252087357,inf,3.07505079218973,3.577851508831978,3.7983673542986143,3.6509082734454155,3.345741469430114,3.7648550758814814,2.895047543163554,3.4441895814625183,3.144175690010953,3.4287210163791784
reference_1,2.938802289517105,3.715484385383487,3.640726782308042,3.449593627792549,2.582470670636892,2.7059996704348275,3.1158355974799274,3.219784547183903,3.6515037359790803,inf,3.459037428496679,3.3755255937576294,3.5177947933393843,2.8104792624181685,3.504621148657313,3.46477373627615,3.4974695920299577,3.202418350873721,3.2787488086921694,3.057861533886433
reference_2,3.373930377375412,3.2653048343267725,3.7299362984421878,3.207606158961507,3.088571384613284,1.4932844475796954,3.5348077235273525,3.32606282119426,3.6118999595590413,inf,3.371877268079737,3.4835324629592908,3.5619409877804653,3.0025383097403893,3.5084775616850625,3.544189795249536,3.2320606583799147,3.2309912808336967,3.0784866975259217,2.802971699571285
reference_3,3.3010827411156036,3.555449921741597,3.591348794422546,2.6903538408397116,3.4643496321169676,3.3154382664428956,3.595406767118715,3.2731745725990318,3.4006189484675557,inf,3.3658627549521527,3.376387507612523,3.5514989614689463,3.4053793049075263,3.4131238354515676,3.696831608316271,3.046185728751859,3.493495848484945,3.36463056143202,3.5132977359747586
reference_4,2.7002164351962437,3.565609484653822,3.607068452472027,3.552743772066951,3.458710911919181,3.5160052651402873,3.549381553602728,3.31442370850948,3.705039587702537,inf,3.6464461798340637,3.48654426672349,3.4519876023530873,3.3132612827719674,3.5203405526993197,3.519869786786013,3.558116205213896,3.5417013996968345,3.426065337677114,3.5832134352158382
reference_5,3.467896544246932,3.8477010575869492,3.7857145898543756,3.369598308768669,3.265016656788283,2.956112615005509,3.364070286805659,3.3764922065745395,3.737747974984571,inf,3.107540035060569,3.578094335056841,3.71797017744354,3.5547525944224496,3.4092549398235064,3.72780088816072,3.199802254075552,3.3443487680568147,3.220365240309738,3.427253508210078
reference_6,3.349634923100317,3.670677171025053,3.577779566112473,2.444121665151266,3.3772248111873817,3.046090336215486,3.4999142608480347,3.345841160839388,3.6235158679181123,inf,3.1590150962580634,3.4270082247351725,3.4958487706890855,3.44270915378486,3.433773600937737,3.674010807003707,2.8278840652993655,3.18774851868537,2.8167069980748862,3.2955851909999963
reference_7,3.0295038557400935,3.5596981203247733,3.6083672259686272,3.4974811202184912,3.490994022936628,3.4148985828335494,3.4814574755987686,3.30936360119354,3.610546325972101,inf,3.4933927244075935,3.4969677856055927,3.5039893989337756,3.2919927763415378,3.3445224224163357,3.5632215862421917,3.416889120691908,3.4624251042959817,2.998906885645113,3.277491520213805
reference_8,3.287519112018892,3.4103474439260837,3.6298278612773887,2.992377302757752,3.17275572033672,2.6136693355737757,3.53572707070949,3.183659102174783,3.5808267699244887,inf,2.5526428674226818,3.312588756205719,3.5606641910833576,3.352635275699688,3.229032352152762,3.523820496084966,2.954258994040586,3.0843321499834886,2.9791765134950943,3.0455387324692054
reference_9,3.2753450486862654,3.684573056007385,3.4151687622070317,3.4816729098260875,3.6002788030481336,3.4483273704368926,3.601952105689049,3.084263753258133,3.6095130752581355,inf,3.524688798366804,3.342111874536133,3.5596453467118128,3.372442332098345,3.490427119659374,3.503853327606201,3.5260278382442105,3.4762473813627066,3.2740842768000604,3.568858779008866
reference_10,3.3253640904317554,3.594549722552247,3.561842519803414,2.9835886316161737,3.0913204717741674,2.6462441411330664,3.5400104160348196,3.0778359956987655,3.4415716869973707,inf,3.1254816726979326,3.274556636128426,3.5409600703836834,2.5356052654911854,3.4965085506306868,3.4875361336645465,3.2892246866829273,3.1255790777704813,2.6118667630760926,2.771441580064155
reference_11,3.224285428294078,3.362782418944534,3.5486751808140458,3.322729794980214,3.0718599961096626,2.703354072856351,3.4577991143311104,3.196888495514542,3.4950088328144546,inf,3.285452536166835,3.2929227662209506,3.2821060093667924,3.195765324789643,3.2891263843855487,3.5200394544128315,3.349958852959219,2.786129026014154,3.0721843812512803,3.032194592104662
reference_12,3.3302868894302846,3.3212716556415565,3.6336659845504284,3.617500306043244,3.4673730506355587,2.9735503000256798,3.430589320213223,3.4104525135192216,3.698351712847496,inf,3.548587483276044,3.413403272324562,3.4762161413325403,3.422247839987139,3.4214077232459417,3.677963659820605,3.5234845614305907,3.501672355588988,3.470613137784005,3.255733015013647
reference_13,3.411994648789238,3.760703087532513,3.7765908336175054,2.9482880322951672,3.240058312170792,3.120345629264081,3.135425258992616,3.2773782262806077,3.6936621953552975,inf,3.2829140435765636,3.483288544781859,3.5932914889155616,3.4872227027187357,3.6177695841896806,3.605161480041826,2.9782453984710173,3.3105426703606717,3.127602777366708,3.299113975248245
reference_14,3.3327300299680243,3.638884756372357,3.66835177421856,3.530437508190537,3.30853907187115,3.2012180372392662,3.205736238596201,3.223775351306444,3.673269901415349,inf,3.4274415110728063,3.446758988882447,3.6573681584715367,3.4181360869522575,3.5695066210321493,3.601640879415608,3.5250496206088155,3.2722430699869123,3.2280543130279544,3.5633224246021262
reference_15,3.3902397102134754,3.660053515697679,3.5698859956722355,3.582221082055326,3.4997424047123715,3.481997883851146,3.6286692155464055,3.0347843365176552,3.5744803491926187,inf,3.429115868033878,3.193122528440425,3.581191629425447,3.322971069621868,3.4574304008212438,3.5514115157695754,3.4798330692480843,3.3656270031720004,3.2095379029216575,3.5512820647249814
reference_16,3.391740149444087,3.73151773061922,3.696511195775769,3.685360856770395,3.330877732109533,3.4868587135801166,3.1079822103345354,3.2170834965363344,3.7479462029092265,inf,3.57063166668761,3.471178593773327,3.6482477876723562,3.4894805027110167,3.581987520901908,3.6132293711045014,3.571590154715283,3.4396930817206557,3.459357013043787,3.635263423632681
reference_17,3.241999015180872,3.683030635681115,3.5700869556500994,3.197285175261337,3.434541474012579,2.7221053576138377,3.5572290626351855,3.2635717383062812,3.604457023292002,inf,2.701535293408312,3.4535328206566995,3.497288733565651,3.3505415002859045,3.0330930158374416,3.6319830766676824,3.0617635280290374,3.178948543405703,2.936487199565158,3.1409643868852988
reference_18,3.2672480527397396,3.8074498765669276,3.7289946377561236,3.633700998011728,3.454583757562795,3.4324037034304697,3.6056340736202626,3.495725578537708,3.2960443237544363,inf,3.558845720075837,3.526181638188646,3.6825304840054724,3.622784316645201,3.5961876827171935,3.795872321045078,3.5038149889172705,3.326810712352638,3.501311373798935,3.6579837465313196
reference_19,3.0253266637813465,3.5728336174791173,3.5599099808454904,3.467940746857406,1.6057906392536023,2.965822931460206,3.163846212902063,2.9605062274188287,3.4995029074981447,inf,3.2915890315454495,3.1497329935455323,3.3824086998178684,2.966731867612108,3.0637578361862374,3.5343499380171766,3.2262007653485045,3.2766377233825277,3.0913466204556355,2.995676273292482
reference_20,3.297195418029453,3.650096554471138,3.553770703849893,3.3522997606814107,3.214491377051877,2.6764226057380505,3.444912403278053,3.2494218916298085,3.5315359296487228,inf,3.053559072431603,3.1429407712936417,3.5378896233646753,2.7558565502557175,3.0556755320191713,3.612257433908309,3.0182615701502784,3.3704289514188246,3.3469735775466947,3.0947679139417574
reference_21,2.955357977373732,3.2644293353811573,3.6029864968916807,2.876078371137189,3.0666661345271433,2.65869113606249,3.0639356777488156,3.057610325346158,3.555016224554045,inf,2.6534346146871393,3.244152432911487,3.4647538749917213,3.2831138226016603,3.3758230458493252,3.3856890297132813,3.116615851292404,3.1354959049710858,2.8705281104188565,2.917095562454494
reference_22,3.44314239969081,3.778776834159983,3.6946934857702685,3.540788029701183,3.5558230689545822,3.568439473318633,3.6719997235963127,3.42438060950542,3.669555967359294,inf,3.6654283723674514,3.584330353640417,3.704312985109079,3.5898840771810945,3.567067069962011,3.7663187109830507,3.630340768861528,3.4014018453318617,3.4750067649073237,3.6231719643256013
reference_23,3.2077047970311408,3.5795952289830644,3.4846688931423935,3.0071363129877478,3.0521212134132765,2.9411375482128914,3.464470737763945,3.136732068740497,3.5238861205389105,inf,3.042829790638428,3.3214069281955227,3.4316280015110405,3.1991633477382426,3.347721439853692,3.553569774755429,3.362011096694476,3.022677375311859,2.863801465877026,2.8043980444637375
reference_24,3.4517284343382117,3.7719997440752984,3.464432716369629,3.529497285677719,3.632501030317694,3.5701011990824263,3.6010748843836784,3.352017399137963,3.644048713384867,inf,3.6254502147748493,3.5160561678710938,3.689935480020486,3.438519757704052,3.685094852401708,3.6755651202342507,3.648952497770474,3.5526785061824255,3.4399312500883097,3.6049966312208177
reference_25,inf,inf,inf,inf,inf,inf,inf,inf,inf,inf,inf,inf,inf,inf,inf,inf,inf,inf,inf,inf
reference_26,3.565533468876721,3.8440025490876275,3.835748274971712,3.1721086326237713,3.2915725518157246,2.6438885773856904,3.670047047721371,3.481856923095859,3.7582352982400757,inf,3.3607180780869315,3.7056767767811736,3.7864789459838986,2.794731584521176,3.70832866386049,3.7867816143935107,3.667506503819177,3.3214503113082823,3.0723286226582633,2.78305105075266
reference_27,3.4011693234836993,3.73335077660527,3.622071984096775,3.1167206312319276,3.421865175080622,3.126861293350903,3.5787729702943007,3.3101327713341155,3.550513389053846,inf,3.430538348335688,3.429623193231762,3.35890593080786,3.426224581584045,3.4560702695348313,3.6815898530065296,3.4075058104739426,3.1547225139019686,3.1602221461464017,3.503442010522289
reference_28,3.355134293494774,3.7384155956766065,3.6788341854166564,3.578518778216746,2.9443203227801837,2.9084086994465603,3.491995485982256,3.160527681663015,3.5861387068474473,inf,3.4652262499532855,3.4082284329368577,3.5945678656141156,2.8864209132705168,3.3560339840222215,3.6754968099326644,3.4550592769375195,3.4736210161726433,3.35697273684568,3.1288823375058734
reference_29,2.9795016811408996,3.2694697390167713,3.072771899421215,3.1930633920015334,3.210197678330034,3.133094209537642,3.2007890177555085,2.9629636611050447,3.273831300785184,inf,3.249557986151855,3.136629034420776,3.1195645643053362,3.1030905584211053,3.1074313729866576,3.328135281071663,3.1640271444641312,3.2163799655661056,3.078112127015233,3.355525111081887
reference_30,inf,inf,inf,inf,inf,inf,inf,inf,inf,inf,inf,inf,inf,inf,inf,inf,inf,inf,inf,inf
reference_31,inf,inf,inf,inf,inf,inf,inf,inf,inf,inf,inf,inf,inf,inf,inf,inf,inf,inf,inf,inf
reference_32,3.430794640994592,3.834923332746046,3.5928629672755203,3.080449598848863,3.585595109816117,3.470498375550012,3.558715915311132,3.365022295420842,3.639742230214554,inf,3.536855563525413,3.458208883526102,3.6199822443116987,3.390625996728606,3.5533969104135146,3.6777984568064124,3.5758822559003662,3.49723471930888,3.326920534899043,3.6183987831748223
reference_33,3.0080110736303327,3.401534223268509,3.1813950897395613,3.082770665278268,3.0418492039251923,3.133064195130085,3.2293000127753735,2.946334069178425,3.2548072591705326,inf,3.160651913387803,3.130715791255856,2.8598106828403056,3.151283091586621,2.923541656459181,3.4439815253695847,3.163252022542069,3.0639466746740323,3.0220656630318166,3.233951830266023
reference_34,3.357315206885862,3.8132875864053726,3.6638101136286734,3.463102799882698,3.6158982400137307,3.512264396099085,3.667870923798752,3.3895767935934327,3.661657117569637,inf,3.4929938914676297,3.4744773580890658,3.6403713179736203,3.4802389605484687,3.6048239463541,3.804283168490076,3.627035201607386,3.5185490694850925,3.412351676313973,3.5929971049252516
reference_35,3.104029379167438,3.4334397429490093,3.3254880212725646,3.337352313780976,3.061602858893413,3.1331122455929243,3.0390738097776895,3.1156066121181363,3.392475289095402,inf,3.263497716823222,3.2204955710495002,2.9913472009171214,3.1785433390381956,3.1904667773246187,3.4931749548931124,3.1601611243504744,3.290460775813222,3.142390566616631,3.3001658928976534
reference_36,3.014345766258075,3.4745801721029355,3.6047492324854766,3.518830426666805,2.9906548873098986,2.8477867424567096,3.079066502385818,3.191977760611379,3.5599708693089642,inf,3.4167347094158207,3.390851724544263,3.0353071801833376,3.1976127929132336,3.4344894854054258,3.495087593325071,3.40469229635358,3.440772122687837,3.264305205268378,3.2486140397363594
reference_37,3.3062381640914675,3.59764074303569,3.642626346084578,3.5371866635132925,3.240336774652237,3.009514335454584,3.600914820252476,3.356433958874913,3.6035990781015963,inf,3.4872137602955275,3.4383887153876747,3.5648785872687876,2.9281241822236397,3.4883319871495737,3.7122404569046825,3.454694421155652,3.480410498480131,3.422393531993567,3.0869791447064627
reference_38,3.634519881382771,3.9076747156140823,3.818915278500847,3.7388282994074267,3.4501230159085754,3.61505013440615,3.241664100191047,3.4732845621689408,3.856039450293829,inf,3.669248898091903,3.237496587291283,3.76139268086246,3.71844844872616,3.815493278535193,3.718640413721905,3.7581349701908855,3.669525925693611,3.5864254318637725,3.755130607900904
reference_39,3.456484111375598,3.8143964061251023,3.7903417571232887,3.556850141216758,3.000424360188249,3.002982699077234,3.6101825666368392,3.4284622690867925,3.7406401092423534,inf,3.4767701847215915,3.5728001829807363,3.7063682887695757,3.2991785190706273,3.5953983828234852,3.7578915729540983,3.573863763113926,3.2765693502352353,3.3908841061312143,3.1786485538928893
reference_40,3.1582283484840397,3.605013718435288,3.6121550652520185,3.4902971937751777,3.133537039104641,3.3227809378246027,3.4314328014669426,3.1491061441958084,3.54545763561492,inf,3.3838768449602217,3.2979175545527464,3.528466581299885,3.2455606444136387,3.418058242522413,3.6167792877641682,3.3754102081754214,3.3842637968363594,3.2064144638717655,3.148872263538551
reference_41,3.4169555439829313,3.7946720355346595,3.6116196713638433,3.5980353046247506,3.552794268908447,3.4926316039868577,3.5577886257270186,3.3397479508051107,3.687847470938253,inf,3.534695492426547,3.4935726072385638,3.663677018292294,3.407269162362197,3.5860938126554864,3.683088580878356,3.539582528758273,3.530485317680059,3.3772923318614034,3.6025469667667114
reference_42,3.311487363779319,3.7098621212326113,3.6424958880091927,3.6434113815335385,3.3090521827227213,3.153059217074792,3.5924257829165342,3.448973198356499,3.6298085308813195,inf,3.599404420450777,3.5001424650287634,3.388435478521224,2.8206472453502887,3.506752403441415,3.7543724478488736,3.6259224608626477,3.5910665671587463,3.466530167089049,3.182223422975785
reference_43,3.4116824699831922,3.3538199705362675,3.7051231486825027,3.728228986623276,3.5531394434153887,3.2549926838025143,3.6266991829684914,3.418614118239909,3.6545911957903447,inf,3.615067799833788,3.5401212106216455,3.5067201041830653,3.5059051398653853,3.636110214907576,3.615750822180987,3.6319127200793084,3.593161659788354,3.521795361877971,3.323174404059467
reference_44,3.5098461100869627,3.9519134042959845,3.8481906734912483,3.762108023959987,3.4398877091235716,3.1692152458279885,3.721860877616714,3.571696228002659,3.885797576822599,inf,3.6348033279362397,3.603084176508807,3.728103382080149,3.2796908786753565,3.7158896970949415,3.863735214666854,3.6547095560230263,3.5899385458453072,3.5915601794898833,3.3811935552433208
reference_45,3.403601501098538,3.7633197129833222,3.691077843537855,3.1678812812240604,3.528183470552195,3.2172195066394536,3.596345929995633,3.4007573968565725,3.6817930925284386,inf,3.230882572329179,3.446756746029425,3.5376325470437218,3.405724111593907,3.564611051040705,3.701109582172394,3.495064694162097,3.117112665726571,3.0709857203247073,2.8505750958063123
reference_46,3.3446580228012794,3.7101154964446743,3.6540146171579013,3.459253692337644,3.4342690475995163,3.3649631960311317,3.3768140409831973,3.1772386228903637,3.619239132262241,inf,3.5561933641894705,3.5086344647338525,3.6424308693203016,3.2632348804224667,3.5697641120925256,3.590545159952355,3.4241905018729923,3.4076249032951367,3.378918903692849,3.4057815539216603
reference_47,3.30986988108778,3.7034173341250423,3.5423981392083466,2.897732971392929,3.374314258560866,2.7789808462854992,3.5165215152464624,3.2019755617267642,3.539669329339862,inf,2.9717598888739967,3.384826194455981,3.5377822974698576,3.3858421855419127,2.821824975136061,3.6294056844198703,3.001351775397442,3.0658935007761445,3.1625643692691803,3.467521691131354
reference_48,3.3805907165918594,3.7014693573449717,3.6325948617419628,3.465990151394079,3.4281781583658084,3.289834959985161,3.500412208075822,3.283616162823085,3.5933177364809774,inf,3.4564220541391832,3.484331394598635,3.5277667075293473,3.3983572842440632,3.3942231855585043,3.6563021103520086,3.4478220798158565,3.3872395520995218,3.2447996311111686,3.503195899781438
reference_49,3.166535498786481,3.5408146527822297,3.422381926908361,2.6036881268008307,3.2551070639975617,2.700070990426671,3.457783828155234,2.9681898399825455,3.4245955697792922,inf,2.6534540608250814,3.2009165342700134,3.458862835719976,3.253039179711008,2.8599481724721105,3.544723933208086,2.4610536968479546,2.9602343575372454,2.713712725225028,2.6921126281308716
reference_50,3.4241555529214565,3.703517171230282,3.6849286769865652,3.504039547778947,3.162359561838936,2.7791088792557543,3.607032630475836,3.133857348487552,3.4842139407881376,inf,3.518070884752256,3.4476785581493385,3.5524111979940396,2.7392111902831644,3.5157919378967093,3.612695644431262,3.2695724054049298,3.3930123117854136,3.3021250800536452,3.094414404596218
reference_51,3.195880169743657,3.5549327485247852,3.599601963406205,3.4357757818090917,3.214510174499899,2.8135740145823505,3.4663601502767563,3.2740789857165695,3.4577225530836584,inf,3.4705796635399557,3.3918151855468746,3.556067335856606,2.511596937938472,3.3883037237065103,3.625599848404408,3.478554383365559,3.4934484763006326,3.3460311443376067,3.083026931312943
reference_52,3.3555188097213304,3.7324090226930813,3.7767404104502065,3.6607442070530025,3.3070283816862975,3.4796342239980147,2.900701265780112,3.101435405561915,3.694826288718953,inf,3.626726962726461,3.3317922301981,3.572349322633943,3.2248506837441457,3.591690449991613,3.5444160281143087,3.559480611675502,3.5935262210532906,3.4347519484021447,3.6189048575941425
reference_53,3.188908843867004,3.0762272942841054,3.5142069791742863,3.3828795064855455,3.396256403052092,2.759611485959622,3.434077478943253,3.2121968464340114,3.4720468320772646,inf,3.0586260266677225,3.3668953468072416,3.5093408182407213,3.2948207393900955,2.936342861969149,3.621252200286746,2.979979555031444,3.3326969090013567,3.2839713362950085,3.014482265642453
reference_54,3.295069523297119,3.5450346785476685,3.5995376187632564,3.435958703029633,3.3901599207617408,3.2370829115968776,3.5019193077266224,3.2765848480356454,3.563184776911855,inf,3.430498704994486,3.4800230418945315,3.5838697923231937,3.3646611279363223,3.497125378726981,3.6587855660892967,3.426610084050742,3.362132033848753,3.296188388055802,2.962272951159286
reference_55,3.453388266139388,3.767513040960312,3.8064144307737346,3.383331987979984,3.31614796510725,2.9919018716421,3.6308414055786136,3.4610560964587433,3.6990436281561854,inf,3.6773556136442997,3.6564207077026367,3.7546092752771023,2.758279874050797,3.658017104919123,3.7101926761531834,3.6939581014325236,3.634583389168023,3.573295665925598,3.1284472703506476
reference_56,3.045033550167722,3.138746432214866,3.356745998409884,3.1034407303100826,3.314700413018419,2.757090093456366,3.3955405021293283,3.0246673667307693,3.398706715687543,inf,3.254066445894825,3.2071234395177948,3.3472102778046082,3.1744202903880305,3.311859472279525,3.4026429974019528,3.02744404439168,3.2202284988641114,2.6041856220014337,3.058189398606572
reference_57,3.275766296213323,3.6356551531245165,3.5137011793393356,3.445629479142947,3.446515588778661,3.3433926965520233,3.517843406722548,3.169187527080301,3.511398883207727,inf,3.040276757503621,3.41911360156585,3.4458251012036576,3.2934060487839276,3.3264124634297323,3.557204209683414,3.2584972432930153,3.3331607800086416,3.2440790875665155,3.0632011231239935
reference_58,3.191304579946697,3.529956358649254,3.5030467243047236,3.120700010523034,3.2665464284656522,3.140086854612782,3.4400716693818567,3.2091793118542347,3.4311019349057674,inf,3.348848633793203,3.3793102035791875,3.493759472161128,3.2082349740544096,3.3632884530918883,3.636829073004532,3.042446904643383,3.259599273909535,3.230622951132679,3.1399320630848413
reference_59,3.228413614547253,3.6184980883681774,3.5625420964741705,3.622037610765648,3.184783014632225,3.411135790508567,2.6364555001159906,3.0387562843264515,3.620769275285721,inf,3.4667629830170648,2.7363877801159857,3.5136222415371057,3.3698723201698413,3.540073637264643,3.4273886118206978,3.5342953402273944,3.4469564674169075,3.35703879533844,3.4553462224926
reference_60,3.2005382856022977,3.5873866914667394,3.5635449595733855,3.5080796022272596,2.9859632728459866,2.790131364179142,3.266600857867812,3.2064420249539354,3.489009438708499,inf,3.210879387147476,3.4029007708787935,3.333406623731822,3.017827697276924,3.3976957673198336,3.6199160817964255,3.446249871340055,3.1754827421568184,3.306321401663439,2.7172844177186213
reference_61,3.436251023659515,3.566791491767883,3.7318519248146056,3.700497683705139,3.2118117786419984,3.5057154581369723,3.6050806335263252,3.4806762767420296,3.5925168509285688,inf,3.7008642758801034,3.6793524976043703,3.635469202409483,3.527378530520633,3.661346468425231,3.743117796966457,3.626068192192176,3.5656004736018017,3.5267788000225067,3.531267529499388
reference_62,3.304858860521698,3.586045948338032,3.671478863433838,3.5722948395591736,3.089349300452739,3.4093972262527505,3.5154700190013886,3.342161326617061,3.5216216728062633,inf,3.5504128951658385,3.527889897250366,3.6181623504077067,3.4875744192054925,3.556298751391555,3.725820111618376,3.5541417789196794,3.444087124589517,3.3075462672680858,2.760708078016806
reference_63,3.413234962951229,3.8126092163340743,3.752916736745973,3.6306319509431897,3.562113654088994,3.5317067258687205,3.5581901831943137,3.3852151190673547,3.729291556956821,inf,3.685247659587568,3.637262308663221,3.7017154417779405,3.5090508034782264,3.695173266961962,3.7117714058824265,3.616308111796161,3.540146988854437,3.488706267950061,3.529338133657468
reference_64,2.95439753236115,3.2985508832445145,3.134458065032959,3.207436780154228,3.2397522768564224,3.137265088916904,3.2401921422698976,2.8979584206237594,3.2174018424303528,inf,3.1841170243412296,3.1284548777936934,3.2633273906621967,3.0419037625165766,3.10994804848698,3.2312137375195027,3.2202125511661674,3.0867034923022576,3.042498157048082,3.151547402807618
reference_65,3.188518821569443,3.41164281236124,3.404312643173337,3.415910939635456,3.2303560444188117,3.2540593552256296,3.4141938921917796,3.1410578693587423,3.4115160174405577,inf,3.32191936638712,3.3085537416252015,3.3723185130115496,3.2751259031367446,3.3062048647901823,3.6222852603001,3.337374376019461,3.243356983519958,3.2206697523925065,2.9409710782266143
reference_66,2.971869513866867,3.349463409637385,3.224779767353828,3.2490666563008457,3.2401912291177952,3.142527029970984,3.289634448112908,2.9035270320736157,3.2953558521103927,inf,3.173534500477392,3.1165711884430256,3.277725899181754,3.0839268489541647,3.07656643652968,3.3579496544479976,3.1977997370941607,2.991235070556832,3.0468641214551506,3.2042273334040123
reference_67,3.1529664472721817,3.3230109800765995,3.579536401580334,3.474832522005701,3.128497377002729,3.229087351708962,3.4074164396993645,3.2020137224418743,3.4221026957428458,inf,3.3366761758660797,3.3801736191105847,3.4092317751441534,3.3060493078068283,3.4473797208581747,3.5508184474981785,3.4137000309358645,3.093376929479199,3.238340756208373,3.206976208113956
reference_68,3.268252440430079,3.5443717291778465,3.694624370851605,3.6666797965790714,3.2745421413649205,3.408883453927043,3.485188258019536,3.3454132570750383,3.574511830884379,inf,3.5683700830545724,3.52663496850828,3.5012566741431437,3.4374521744534707,3.5858925082353785,3.6441907187840976,3.594863131759296,3.340527270262559,3.409789949576127,3.5384637349970975
reference_69,2.9042523856265547,3.2758459610624318,3.0040876865386963,3.1817439538814547,3.2143802302483917,3.086664520327369,3.1993132339862824,2.8312356365295654,3.1637754269557594,inf,3.1431765327943046,3.0777941130048756,3.1920597350131756,3.0190182531352128,3.0791426658312537,3.1829291466941836,3.1882048684931794,3.0786146542018624,2.966774956160355,3.1480383269225363
reference_70,3.4224137666088796,3.780932521220951,3.6848264348151365,3.5593235148519167,3.460239868593433,3.148458769130109,3.6234148006654774,3.3933140949911014,3.6412092834011487,inf,3.209716221557042,3.584000178969794,3.6034238176786517,3.453990614759285,3.001611356551382,3.8115293955871463,3.0740712051958456,3.472271440097948,3.336447620137089,3.1182713484123528
reference_71,3.1226434732379693,3.6399744483221492,3.5498605235850644,3.4524894919069107,3.106997450519496,2.868849969028626,3.480657030480481,3.2327984362326063,3.524358074957368,inf,3.3640440284584967,3.3309738579796515,3.5383463632250005,2.8215221244377036,3.2752805871128685,3.6403732914918994,3.4310152037018433,3.2209930252848338,3.2242680704367657,2.679438897030462
reference_72,3.302502296812682,3.662388312890954,3.5485602827641376,3.491724547370828,3.182513391816376,3.3435028356778207,3.5316738326437713,3.2470313289484944,3.53506638639994,inf,3.394757217712264,3.4445361886786467,3.4084716512718924,3.366599233652609,3.3966328865008473,3.700010590823576,3.3536109668839837,3.249526877726092,3.29812047868438,3.1197504385471664
reference_73,3.0968301927915984,3.632615679107707,3.6404339274105184,3.455546249265022,2.6302183878708534,2.9350274485973675,3.466435016908624,3.2346608602930096,3.5866248956656666,inf,3.425646104637662,3.4318289264297483,3.5580960985828853,2.820316556182327,3.438535337575668,3.606764421944351,3.397294686860963,3.262721028634336,3.2636326568016627,2.9890444471628728
reference_74,3.0040074318003303,3.5304319108023146,3.476100325405844,3.6060720630585847,3.1035360783646544,3.3874425616302917,3.0205371497125184,3.16931232375405,3.549171421792582,inf,3.470776424629469,3.3379094326582845,3.476490545259067,3.281756728243278,3.460964710412758,3.358521461314588,3.483583462096661,3.3472604208193832,3.2969656593757466,3.4791927885056566
reference_75,3.361148164629937,3.527775789566517,3.5560165471108443,3.5143350453820705,3.336017190300668,3.3001426799042286,3.4528432052527434,3.235787145156447,3.5407954445934298,inf,3.462475987416286,3.3099751322649005,3.5694299674086873,3.233709364833251,3.450116770386701,3.5963862768653874,3.440129307081886,3.494033615327623,3.3123841598952777,3.492804295725727
reference_76,3.489749294583444,3.739028974552787,3.6801877978015334,3.7599378664814336,3.466093935728336,3.5295412035776805,3.306024905406461,3.1300704627543627,3.7729170140776764,inf,3.6768558747185094,3.495547545390967,3.5553920576944433,3.5640864826407985,3.781028125678537,3.4989272973476204,3.6688677670667063,3.76430583093342,3.5792107411917025,3.729220268068129
reference_77,3.2085756603860855,3.518549226162744,3.4346801790521617,3.3764060828910822,3.393836563642574,3.2941463325624816,3.490135953224373,2.932536824652736,3.3803967780011654,inf,3.366730514820154,3.097372825647354,3.4826851795426004,3.270470841690985,3.446381511715262,3.4322754092788696,3.240871512594293,3.338935116894359,2.8973811911961556,3.4973116301736837
reference_78,3.2663175574192524,3.54890932341094,3.399299922050476,3.485896506822586,3.577787903302592,3.42181776831972,3.5378802220281598,3.1728201233236826,3.603654750382733,inf,3.495357941552435,3.380610374353409,3.4277017806116348,3.350047601233192,3.4387635625602337,3.4058084805430413,3.449115464657083,3.5210472320799124,3.304102980563164,3.5643234353756434
reference_79,2.8168622359733377,3.6934891612085687,3.695207190266045,3.491961085255313,3.032113017818433,2.99034641457305,3.4881976794167073,3.270521167565751,3.521903799211078,inf,3.4735696199872153,3.3906718936157234,3.5811352033820474,2.74465795228144,3.536734910721999,3.535186604047409,3.485937114297372,3.420151057303354,3.2543825139476357,3.133999143758247
reference_80,3.4517284343382117,3.7719997440752984,3.464432716369629,3.529497285677719,3.632501030317694,3.5701011990824263,3.6010748843836784,3.352017399137963,3.644048713384867,inf,3.6254502147748493,3.5160561678710938,3.689935480020486,3.438519757704052,3.685094852401708,3.6755651202342507,3.648952497770474,3.5526785061824255,3.4399312500883097,3.6049966312208177
reference_81,3.5920929689621937,3.8423622418796417,3.8643236436274937,3.576305904751877,3.5336458748463606,3.4781270911869746,3.667688906298143,3.443983947879605,3.7023789353395453,inf,3.553601669800795,3.6408684496130816,3.7926737806029287,3.5148519712816224,3.6820303708541,3.7739963503683573,3.6033798758979905,3.6383652951225742,3.3867921041969846,3.740731592204336
reference_82,3.3949075170385434,3.7113543457180675,3.694175922253264,3.25624128744071,3.047190752928902,3.1884832466948843,3.2932377929175574,3.341370930164705,3.459985949710731,inf,3.325068857542827,3.539882700345932,3.607178973565951,3.444761414309941,3.453727098435097,3.674217003624061,3.3545981925156054,3.2677883694060923,3.2585353135855013,3.1411660056985724
reference_83,3.266948759491682,3.589865447189808,3.4114623806107045,2.7656147246603964,3.494065756782532,3.3859559646517927,3.4815392262229437,3.151061619762012,3.5606139932113887,inf,3.3702178853723566,3.33819030547142,3.5522134778434817,3.3042275678804156,3.410052830220899,3.472955140206933,3.069602921706873,3.4890903525599177,3.2360932254971977,3.506785716174317
reference_84,3.3221975446572305,3.6821666212229727,3.5342652832611083,3.5762427670480728,3.5124505652720153,3.479982491161081,3.532248678945827,3.175727029365631,2.814984388932967,inf,3.4666054387249403,3.377706781730461,3.6338688990780335,3.3554381077152318,3.439487179610015,3.5754955465332032,3.537635101264706,3.478974438507633,3.3200480664220806,3.5142419571121217
reference_85,3.8394176338827632,4.143978976480708,4.0588416781513965,3.8925952945995195,3.9115487947061762,3.829490435151786,4.056080951820406,3.7801182407831107,4.021769505472744,inf,3.8952999811868123,3.9286180214655464,3.994210145828903,3.8579073346663577,3.8929593124633275,4.143904625861661,3.8498286042795486,3.8041806692298388,3.8209302549436805,3.8596488102089364
reference_86,3.3361260497247645,3.677020900253944,3.5339968044253527,2.6543003974561192,3.445210046206475,3.054207022447807,3.5630265771629253,3.2590782599484176,3.5396882298078194,inf,3.097052908957721,3.4622498260942267,3.4844666150106174,3.3617408961260407,3.408439630259187,3.587700909825743,2.8191621208978277,3.127577666386558,2.9303976961526925,3.220358463389543
reference_87,3.2359521369669593,3.5803391693580138,3.373285115188742,3.3345350584757427,3.4872427871691785,3.3368895006683745,3.47710198498126,3.0965993137534755,3.420866683372322,inf,3.44731995458179,3.2881150509303807,3.427894118400608,3.2826283908250775,3.4178057831546833,3.4926405760964343,3.397257105950435,3.4024968320748914,3.2095224115621104,3.4618052269244193
reference_88,3.096645083485536,3.465534684063206,3.4468709984176034,2.976933455881514,2.8407821761246974,2.9756589467655896,3.143205434957588,3.007337424757622,3.4308428544879237,inf,3.10000644904059,3.2304635828084076,3.4040636358307146,3.2003501968432193,3.281952514311007,3.461552078977595,3.0875463541113,3.0923719718402514,2.8885878593705137,3.1543359090282594
reference_89,3.435125271381856,3.692777081918647,3.7733486444646465,2.986562160265032,3.221461233828574,3.1553271769881124,3.1692680893699277,3.3994606155779734,3.7555312372602665,inf,3.274354572508126,3.6197288976974695,3.6823199353406184,3.4568879297537563,3.641512466634059,3.650838947355335,2.9708316971230424,3.376437386421381,3.203053836202284,3.3262477234740966
reference_90,3.263118695182065,3.710129749492439,3.767963156605068,3.566694961119115,3.111850011109067,3.1050778582821708,3.206792052864802,3.3613089365808815,3.658104328548772,inf,3.1806103785526996,3.5422464392682036,3.5948361160808955,3.4418117450448715,2.938728949678757,3.594865113333145,3.16921251498438,3.362364890791753,3.4809910969364877,3.6508793824296477
reference_91,3.265767282274723,3.6335263814692498,3.523532961820841,3.4761590938912397,3.557800276162803,3.551841109404046,3.5612733803265093,3.2079907631824582,3.610469920054436,inf,3.533003100388596,3.4268153925583364,3.529182252869871,2.9571444956683997,3.5484888194933113,3.4317942937231063,3.526951143935402,3.527457197228595,2.837482043220043,3.6297093498649122
reference_92,3.218109725178323,3.7004977583123986,3.6352693740737814,3.502343825644592,3.4344367108413376,3.0546297187136333,3.5204386492943787,3.1914827014435616,3.5195271435398103,inf,3.068590976112474,3.341048457077839,3.5377371908514235,3.3707597204466793,3.09330924750146,3.609835305913769,3.0855082561695,3.2399664079065142,3.264830545709258,3.575686046639385
reference_93,3.4718207927564433,3.710848411417207,3.6443199201257386,3.5187091550031995,3.5410306770366935,3.5375271231097374,3.5259261032506566,3.4501770130330707,3.5801580856674686,inf,3.629158901634544,3.5937103672077333,3.5677233876843673,3.5172922792068655,3.5446339005718372,3.8071039272857026,3.5228199837029655,3.5475937923106393,3.476531857567159,3.7255111448728395
reference_94,3.2305046928977967,3.542528683487177,3.3448914930874705,3.427907229612732,3.3291428460448085,3.321375009224,3.2947744654597524,3.17313922229455,3.3863907463173866,inf,3.440491834798957,3.0472640256276007,3.413049943962317,3.2955084876315768,3.323251605448149,3.5849363708219526,3.291907473904381,3.389987686389339,3.2452713099838255,3.500593048251057
reference_95,3.1459668915065198,3.321191590665138,3.5749855028792306,2.92729067938142,3.1672546359813754,2.771594579685154,3.470787288804679,3.1623904582178692,3.4366455470369073,inf,3.0929356243144057,3.3654744239469077,3.443005323034288,3.319171354275754,3.3567538025219825,3.484768814249644,3.093642819553764,2.9121483073113836,2.9091920389234005,2.996965326193459
reference_96,3.4512448734834957,3.7057209132723705,3.878879115641222,3.860988496446147,3.2026735529958836,3.685942171248643,3.1483623697185408,3.489338162251962,3.951363646185624,inf,3.8445918923260067,3.6419588199707653,3.7379801433251907,3.6098674703702707,3.8024771436497296,3.638939266153238,3.7675095985379663,3.7979670427599626,3.6335250857196066,3.8397890944546074
reference_97,3.275869963851929,3.2218287473498584,3.7795394659547212,3.646769767922592,3.2603770674866737,3.2126713594719503,3.1211301403778315,3.3605145778374266,3.6905042116990088,inf,3.581058662373593,3.4586630511283873,3.59396448703478,3.4730232962746963,3.691476433540528,3.5866353206658363,3.2783066131824072,3.5512732122820103,3.4968954034276485,3.2802886992079383
