ref,citation_0,citation_1,citation_2,citation_3,citation_4,citation_5,citation_6,citation_7,citation_8,citation_9,citation_10,citation_11,citation_12,citation_13,citation_14,citation_15,citation_16,citation_17,citation_18,citation_19,citation_20,citation_21,citation_22,citation_23,citation_24
reference_0,5.064228545921517,4.063862581121135,3.2328276873851585,2.854335477725267,3.795393865763452,3.5770099893841145,3.440443260057939,3.53810344461577,3.3712265731454765,3.60982306684196,3.448236295348798,3.8670362515754135,3.71143799234438,3.088708215563059,3.468026189124584,inf,3.7033383035989047,3.310514340426726,3.7350883150899152,3.64771664459561,3.6789471259475306,3.57152755031677,3.1221173089444636,inf,3.2450501157991414
reference_1,5.089936554865653,3.9996720878684533,3.5111089021821194,3.4308949178791903,3.92288448361333,3.5013122048802883,3.2016420559655168,3.6463090179683917,2.419983160813572,3.5638061753473416,3.534062850836492,3.8278438197702136,3.35843947352981,3.4392019126040068,3.6209391448168837,inf,3.71281089990144,2.8704783945241075,3.598587675370934,3.5590609767697616,3.622110401771505,3.468058459792048,3.4191511656235263,inf,2.9715778500448717
reference_2,5.049059466065705,3.928792097041786,3.4888361902883753,3.6196120704862476,3.7258064412573213,2.3662913480328323,2.964407265538953,3.5099199990690346,2.61484933488633,3.5197257707008123,3.5085817608273118,3.802519803669407,3.676599299986303,3.4310272934947013,3.4290309256095415,inf,3.4446368108437655,3.0582597535568103,3.507394858584704,3.5344428660933755,3.5340580933377423,3.3295684523256104,3.482312905375421,inf,2.1785091803036933
reference_3,5.186843751369774,4.0931760140870805,3.700442499377249,3.6653327554682495,3.9928123222825165,3.6200205198688504,3.4835322123823884,3.730441686898231,3.468799487474182,3.578602453339696,3.822621299115888,3.983122413377687,3.8950623255621197,3.5365673630061147,3.6998992165522573,inf,3.803762545975089,3.62983606819923,3.864555578067632,3.74714408720094,3.804471906837078,3.571341269023779,3.6196364356708526,inf,3.0982644192185167
reference_4,4.965343192623634,3.7877211037015406,3.499202461154353,3.5218358217985717,3.7500550789227822,3.3104585669335154,3.0022375802432406,3.4751612011103408,3.2324739092124894,3.449804840491205,3.5058398006543507,3.787432636607462,3.774568409559114,3.432784133047319,3.3823862994603875,inf,3.510945275018557,3.1969917471541973,3.522052926478902,3.5131246520905397,3.499392755552111,3.3737671846135346,3.4984293868464524,inf,3.3482964088205747
reference_5,5.1368008229141235,3.986708577091336,3.740818175285059,3.7984523441515567,3.8967550843227805,3.59121002138263,3.5091497976886408,3.715879965533852,3.4130208103104094,3.688358398606718,3.8058273553213318,4.034441819539548,3.961429731211567,3.663951083186209,3.693808112306118,inf,3.758648188924491,3.5266329513578687,3.7781077644502292,3.758799050193825,3.754001790262002,3.4839918473198748,3.6672753118515016,inf,3.222983381328678
reference_6,5.029338983948973,3.9101974188810025,3.347970322334099,3.530040836656225,3.887584943959705,3.4817903641491075,3.3500270011241176,3.659360368815429,3.276995739986095,3.729272219457091,3.55545436271854,3.8218563318936067,3.7157769424240503,3.358442556170253,3.715645998502243,inf,3.743742466400804,3.4046740270704743,3.7127058449463126,3.7458098506303243,3.532603497670066,3.604695519504072,3.4760478852392414,inf,3.1899927958357837
reference_7,5.0029594091164125,3.8390033483591086,3.362655184715925,3.384629138672495,3.659629223842149,3.1204451138412836,3.1430625434801187,3.4383197122811797,3.0898538857392976,3.293499022265816,3.2368391883224934,3.628378106709077,3.6236020978214256,3.352536044368804,3.372393179154492,inf,3.4405482993631487,2.974817619599331,3.4178921188382025,3.3847836268648543,3.4059786772570475,3.293934656447017,3.262723508101845,inf,3.265954100503921
reference_8,4.899155453448487,3.8310367944328307,3.397974768698392,3.4515922947445037,3.767217110859839,3.3196596763391497,3.2168752876828743,3.4590887037738804,3.138587946472634,3.536269322200656,3.5362746153149716,3.7742844838188754,3.7195573230281833,3.302376231744337,3.425322865319252,inf,3.544459149771524,3.302879162422115,3.496378166991271,3.53593719211965,3.4028588726082107,3.223559423702515,3.417049484030128,inf,3.250557633213473
reference_9,4.922723603573805,3.8866270636029974,3.4304051442220818,3.505523300986357,3.7148813873594753,3.2071709400416677,3.291599853040441,2.989476806602884,3.23664558291774,3.3159158063590386,3.4722916456565946,3.699365634519698,3.7233498326059333,3.3709265015655765,2.890378722845452,inf,3.3905378077525112,3.2252909483219834,3.470637629797544,3.2891626491429236,3.5376756613507614,3.3556905768100105,3.39989957207281,inf,3.410386976826674
reference_10,5.0167877234730724,3.907008334085322,3.5010678325675797,3.5358130618953116,3.7696553647581874,3.3610934162516717,3.216170309716654,3.4231939421153785,3.2212417060125427,3.419725921884823,3.502898808478624,3.746914641198048,3.8010561620594494,3.4478535044775014,3.3321573688855177,inf,3.5342533892745855,3.2158580139515425,3.563151421543217,3.5740093241350634,3.5054280715565356,3.380713418683783,3.385346647825146,inf,2.9999512724527353
reference_11,5.0055714258881805,3.8989020450949665,3.139239788583029,3.2049230440342424,3.8004330428881303,3.3023603233170506,3.2431304050210503,3.478005524553895,3.210495580008936,3.6177566714135407,3.5095445808807533,3.863273933913183,3.6569183691251994,3.019819138023019,3.424594808537471,inf,3.5481426445873976,3.1686558922882435,3.531392985040629,3.581114760352719,3.561863325635741,3.417576622025836,3.1095383379172086,inf,3.0738227235961912
reference_12,5.084560490320623,3.887294652418494,2.4464766668336932,3.5763191210827827,3.7907258522894303,3.4283889161447885,3.266649468973662,3.559241095668375,3.133944643909051,3.5319818605538607,3.525037874743064,3.7772941208257085,3.7922278820942403,2.9559030116189717,3.5107163582906487,inf,3.58469323364228,3.0411884660989803,3.565831006998816,3.5114270676635986,3.4914357963428424,3.289579491360064,3.50565376294899,inf,3.4096706802298193
reference_13,5.045318109895791,3.875367347832045,3.2266368983125657,3.595614186376335,3.721153404192696,3.2467512988007576,3.1036824283736646,3.401909325089401,3.0032309651217513,3.4351660763837057,3.384924953722608,3.6935990090579227,3.683404509836601,3.243771024713923,3.302132712077058,inf,3.4629605486820547,2.9557379853399723,3.515184700785073,3.5010152370462384,3.478916279914371,3.2171042505304452,3.433014392288694,inf,3.384578808059119
reference_14,5.099976299264118,3.9714135940855857,3.2809080642486497,3.2762951507315816,3.914157852575033,3.523680505191825,3.340356179847453,3.57978924357919,3.1696172575829817,3.553194469956509,3.6649462468085456,3.851451924828692,3.7970573048909473,3.138828270718403,3.549387648577494,inf,3.593258170331028,3.3215967627302483,3.523767237832448,3.5413653539915204,3.605378389711018,3.5043703974550646,3.082480622074588,inf,3.216481525856223
reference_15,5.0585021730448725,3.85052875089407,3.4065614123702015,3.4760666116232875,3.4094764013155467,3.3421371534821755,2.972555399199025,3.5046911558835987,2.852653986092113,3.390653584721375,3.552120782687209,3.774990227754605,3.3340826466361997,3.3243553385152818,3.4207509758114822,inf,3.4268163623397587,3.192307843679917,3.584110352236674,3.4206715434697292,3.5663196252788096,3.303310234838788,3.2700164804672243,inf,3.3281375642380713
reference_16,4.842855793180053,3.572038787594441,2.965950523171826,3.0039911788269924,3.5672850921015007,3.0920141892316058,2.9556824930453596,3.331375770462419,2.9028304421462026,3.287462191091635,3.1945011254909983,3.569136237638345,3.4312636270016377,2.9094061176945516,3.2959749596047216,inf,3.352503201023269,2.730999695800951,3.23156903339956,3.3467130813121275,3.2856971938378856,3.164575700275271,2.852919055517944,inf,2.876640796535806
reference_17,4.830308851679921,3.672137759099901,3.04850689097274,2.9842044724699854,3.6579422552502847,3.2475949004583358,3.0766794018342525,3.229113817718446,3.0806985044862247,3.3141125517815353,3.4446714466328006,3.6197512768817983,3.472444406300927,2.8039206383631825,3.275379544418025,inf,3.1235732241625787,3.091942897752623,3.3979728953731505,3.206269723191452,3.425269662526542,3.278874464493102,2.8451080203133823,inf,2.992143579235983
reference_18,4.900444656948661,3.8450785933364866,3.355084435465666,3.6351476762213473,3.692828242117847,3.4053120230954885,3.333724896929801,3.5136170528347015,3.3570829398523485,3.4017105025704506,3.5824624300843944,3.813206122238614,3.716164732848073,3.5480522415848736,3.5816733565395356,inf,3.6591412231846094,3.3355549721739144,3.559535314247621,3.566284854652999,3.5378153435308963,3.459371309007357,3.437847447225952,inf,3.4996229135201937
reference_19,4.753004860632325,3.605173118132115,3.132143458227157,3.337072146847415,3.4860055099944067,3.0402154416097407,2.763785670786455,3.171482025811005,2.8538498251718263,3.091820880698205,3.264322505167264,3.477810094457337,3.475747532687378,3.1940903160247087,3.1376828692630294,inf,3.236548090820313,2.8128735524736417,3.1509882382172405,3.1843794811716233,3.192274191347501,2.981364234590049,3.0932623394713405,inf,3.089124878739452
reference_20,4.627560828828165,3.63029653038431,3.0197018046642037,3.3909404416943167,3.558950868546013,3.2269021044820203,3.0770601548533287,3.142948303271904,3.1157737207876126,3.297864319514695,3.2791552373927373,3.468527343435182,3.4634953664264065,3.3385054211405496,3.2806219905854395,inf,3.3208994512550785,3.043419988327224,2.994281184909073,3.327978698802045,3.180503279544041,3.2809896852285405,3.2957248610437806,inf,3.3736080158062087
reference_21,5.149853252393796,4.057673819689274,3.574705289931461,3.3690177117293927,3.958282618408043,3.574658717199474,3.26003621263936,3.6804780131465815,2.4890117947487465,3.5800029896203247,3.5951691864001942,3.869158778829592,3.36315827109293,3.45521883300032,3.6506418490045736,inf,3.754535740630397,2.8565612093224346,3.6316024656287964,3.604598673237329,3.692167340879065,3.624545899248665,3.424829239761588,inf,3.060884995854976
reference_22,4.99128273577561,3.881875888599904,3.416503267546739,3.500401492814929,3.7002761534656794,2.451403712913823,2.9226131132598443,3.3945014649211322,2.5868983921444753,3.473181496339034,3.444756128184207,3.7291591746687116,3.6133373794407775,3.372707636881344,3.3635833054743256,inf,3.536717418230788,3.0726388897699195,3.5288314169889463,3.48504626969972,3.522462747005094,3.271215886125128,3.452493495285604,inf,2.2869028186603404
reference_23,4.994676508888006,3.8974500342983007,3.3877516489461077,3.4572056908590496,3.484540489493124,3.433251575991392,3.051119597782229,3.5126341989970205,2.2809784303084832,3.556212482213229,3.14455273286922,3.751426506830961,3.230350924408436,3.423043619573176,3.5421181185543538,inf,3.5554583969163893,3.1669054750888863,3.500757506654926,3.2666883478895197,3.3001559960744555,3.1417069167744645,3.437621456128716,inf,3.36556997023989
reference_24,inf,inf,inf,inf,inf,inf,inf,inf,inf,inf,inf,inf,inf,inf,inf,inf,inf,inf,inf,inf,inf,inf,inf,inf,inf
reference_25,5.07765415110035,3.9017883329150678,3.4749258787349246,3.480940537478435,3.9713050555349065,3.4511186201263193,3.3092581930136586,3.576056124578405,3.0189694289688656,3.4683136600562094,3.4853452643809697,3.767353695344005,3.7807484619620335,3.4263038670897483,3.4580566344584462,inf,3.6377660639183524,3.1043230740570915,3.583471045856017,3.597073160745352,3.5183182339700063,3.51315754604093,3.4582599020674585,inf,3.4887071290588385
reference_26,4.714685075538754,3.634293808638811,3.404369953409992,3.4466804956111314,3.5806108869310123,3.3598506579141616,3.264961135023036,3.3221162871947287,2.9487924315898977,3.5100648577423095,3.432257248304701,3.546721950168703,3.577335050185347,3.4556994105825427,3.4221960000371934,inf,3.3059013599805236,3.1831081405618975,3.3523871755593473,3.467066095283272,3.4353140911205147,3.371421387482402,3.468639865591526,inf,3.4714032146028524
reference_27,4.752674963913345,3.7439194625179293,3.525103558168999,3.5658814247457506,3.5441194667423446,3.367946251195193,3.290007326420621,3.2503504863518713,3.2070835836234113,3.4707550886850123,3.386647063657117,3.5807790313679733,3.5381349720777986,3.5893051765800483,3.4050704532224185,inf,3.4226091716523652,3.3009317013028823,3.433121158295572,3.5882125572042254,3.4836429745184674,3.439780795704897,3.432500556000543,inf,3.47857877545166
reference_28,4.809270144392565,3.7146440203094393,3.3045849363431916,3.4080381847664873,3.498943978360115,3.278817327268595,3.1687341388505277,3.283196874915598,2.8582881526381985,3.5066177637367155,3.3319190481693,3.593541019450216,3.444437879764725,3.3199697742268484,3.385662299912143,inf,3.383216419694162,3.137781710759192,3.296290051935306,3.48014693217058,3.3581467884870118,3.2604688212985784,3.3836618488240147,inf,3.0028902285181336
reference_29,4.894097997380734,3.8482236162747263,3.6065847687340264,3.7242804027325684,3.7202996882190686,3.4369659332436493,3.4192314269178374,3.524307736260196,3.1006485405891127,3.557841697325387,3.3208105549975855,3.723521843711731,3.639077879101271,3.633527734320796,3.6728659722639656,inf,3.6455701629021378,3.314876100663983,3.5275840176145308,3.589397230223267,3.616092527865836,3.3733793268868775,3.5437641637557085,inf,3.3143854958685903
reference_30,5.0972900036092765,3.784188452940106,3.5076856582968916,3.445300869863069,3.898089587913111,3.429613205540252,3.314433647236237,3.6233923712423803,3.055187629780992,3.453783027600134,3.5269089494877592,3.7634046221980033,3.7837733246249203,3.482086591489613,3.578679141110516,inf,3.661567411700678,3.194259305189,3.5641280107201436,3.5621371567397344,3.4911298645647486,3.5441589335018664,3.4561847064242603,inf,3.5066045574275497
reference_31,4.7565224978816065,3.7653735943242492,3.368790792027044,3.5807456814072025,3.6063891759094995,3.251386733633431,3.227670778976301,3.39365054958917,3.1394452405114066,3.5594849690263324,3.448368895557764,3.6567572135941173,3.5746523471125755,3.400805942242778,3.452484985544235,inf,3.5098992359658867,3.2965543556629915,3.3452593502422703,3.560676490398701,3.4278755448954996,3.4679371519312143,3.5326556165668186,inf,3.3458105794536834
reference_32,5.18370553394787,4.137175229257504,3.7306405507681113,3.7840288338285495,4.013264095007595,3.614080924622421,3.498127515175251,3.774252955221139,3.458059715217886,3.5190351936053785,3.7979853788517492,4.02697153551584,3.9110941848126832,3.6171580090481887,3.738885424112792,inf,3.8748560877373683,3.604109291365249,3.790362460871062,3.6985884635852124,3.756616439898974,3.5278993125846996,3.5134511829416692,inf,3.151429200070989
reference_33,4.936775856785912,3.7772500861386855,3.026964586824806,3.4727055846341264,3.657720880973587,3.3517604561859513,3.1511666226975277,3.405754046063402,2.9866778467980915,3.4829076159336734,3.3469591246971513,3.706408847832044,3.5905667426358887,3.089029536142789,3.4380549048219673,inf,3.5499177422907393,2.8763204445919017,3.4558087862617852,3.4672089233448355,3.467134218238497,3.1619470721893084,3.4672362629598523,inf,2.867946660843563
reference_34,4.946971527667392,3.864513290764319,3.6702786112357755,3.696701889997415,3.84500865649717,3.5008560174834797,3.3251828237385435,3.5770716007240972,3.4046767442568444,3.7269301992377963,3.7079415819304833,3.8802273745588884,3.9174280463218856,3.600424667956123,3.550944017687165,inf,3.7676023277730963,3.413808778616186,3.679604796220492,3.710152799227796,3.5750862710917053,3.556880564033594,3.6870118188776946,inf,3.593720072878178
reference_35,5.0022115494446755,3.8023397635138036,3.597542529374194,3.7381017452608347,3.8680525563765418,3.532085875999868,3.4198102885971933,3.5192779299618007,3.3833363349503642,3.7066141452360153,3.6668514599030946,3.9006807168791355,3.9558322521211395,3.542306035000086,3.493018629181051,inf,3.6541427630861403,3.3892578213203612,3.6235950715257808,3.7079580361730615,3.642606990572822,3.565584081022108,3.68583326005578,inf,3.5968330703887945
reference_36,4.745754300424576,3.7684999928569796,3.4720412178688393,3.5709611837076904,3.6595745923712135,3.341596214991379,3.253073419707218,3.356184644451141,2.5864145689544693,3.5903868120709657,3.454273959853837,3.683057227926286,3.6561163907089234,3.4560018969357014,3.4354650933799262,inf,3.4850992733731263,3.277017225285132,3.393744205512137,3.523043338226038,3.425554402772977,3.1796517799875788,3.554991383202076,inf,3.4117809818614484
reference_37,4.8046562918478015,3.758122162602496,3.46712484944301,3.5088175336494447,3.606417105543019,3.353803103553772,3.08397756436468,3.3957961832883474,2.7345692880843546,3.515257625089574,3.233597185213985,3.658077677709988,3.5772007215523245,3.515724884289062,3.5335572815045357,inf,3.4971912295084118,3.2233096183039054,3.424730360975936,3.5138691288467188,3.4542319311094882,3.3897476792031975,3.516294233832407,inf,3.3977424336872106
reference_38,5.107842138807535,4.104455880498886,4.079890791602409,4.165977191123963,4.130453436871155,3.933236338681698,3.906404767214069,3.878535896929979,3.477339561521924,4.142483121201277,4.053036735804975,4.149157711339349,4.148010779375125,4.102800563712597,3.9831213729566337,inf,4.111398478902161,3.99891906182029,3.992257024838859,4.122318121709484,3.93178589838466,3.7774228566706474,4.1143795032444,inf,3.9618714280586245
reference_39,4.022766027333831,4.00965070731768,3.448381496330491,4.051226628682224,3.290379115832831,3.8906196357872096,3.877547444775456,3.266563639664593,3.8496774228533637,4.078961260481272,3.303627599003093,3.233352396299548,3.243632164672692,4.051540092677482,4.026743686576013,inf,3.4636087664800823,3.9058350290993147,3.0504884656427005,3.8233234806835936,3.5789017758998325,4.02830101150061,4.062520128383481,inf,4.008552169347162
reference_40,4.794277288056343,3.7628925005992855,3.4645261336133824,3.4765993440641014,3.654673321341054,3.3179052668089493,3.2640574113687584,3.400374183768177,3.249177577954556,3.4905197126023593,3.3988143969433637,3.585199375429142,3.5935560517859186,3.4639427522409143,3.474326424785833,inf,3.498749077923102,3.237652236871051,3.378703963463081,3.5107432516127663,3.459459053585108,3.4223264000966673,3.4696158641742265,inf,3.4653451605339742
reference_41,4.784720694460104,3.706354962407517,3.1457669887307254,3.5156591785556124,3.6326802480615483,3.3738927016482507,3.312242840083673,3.386088872497158,3.018825586470955,3.6021611626217496,3.4551105012644308,3.6594769960867133,3.588530723462938,3.2119093233424247,3.492777639971034,inf,3.4612253463295573,3.2735341136596205,3.3965680370119893,3.5540354509275103,3.4674134813345394,3.234641824622042,3.530989263180088,inf,3.0318958063613364
reference_42,4.777132771171331,3.6557709279392956,3.3743378462641718,3.4416341226446625,3.517192123607376,3.291014151771903,3.177602172210507,3.3203417914332745,2.8996370905981603,3.5680680655385255,3.3505844979059183,3.6584794409048387,3.6207997337266447,3.4149901236810685,3.4180815077465057,inf,3.3904558701648115,3.1842779474347878,3.388940662485681,3.5194150500331314,3.394092512986037,3.3506842148288745,3.525634246453762,inf,3.2714121845219495
reference_43,4.963197258956029,3.7859786695137525,3.250254892619704,3.5862729787488714,3.6791287964423716,3.347619629293491,3.183599247624563,3.414888469285514,2.759602408414513,3.4135486952863707,3.3764190598444737,3.7153608068558963,3.6765590353531863,3.24709594914005,3.4258459291983616,inf,3.4873131540248297,3.2798438904475753,3.517939706501309,3.4547933980605388,3.4237058578002135,3.3646676691430115,3.420030629699327,inf,3.3366986103012115
reference_44,4.729792112393379,3.70675981566,3.5129144634975193,3.56562992225647,3.7855745487440133,3.3699800622645615,3.311500622221338,3.382850559975147,3.2872573601708885,3.573750147299409,3.5837525363810876,3.7377075413193808,3.7710330371467595,3.4508887136768105,3.408580429813981,inf,3.5434925279865266,3.285867577696636,3.3933835650110225,3.5741054403196437,3.41670997706141,3.4714524703020766,3.5678282905955316,inf,3.520093499559403
reference_45,4.898776531070709,3.789052135496527,3.318921406373956,3.4318879289678637,3.6440684746775625,3.3866219609083235,3.189312910643934,3.3562030967030525,2.951138455807213,3.4429045295643808,3.1266351287164094,3.5608404181402205,3.589652461732829,3.3913816438331006,3.4833457942537667,inf,3.4667555594310167,3.212549722058017,3.4118147070240608,3.4239363451374865,3.430763665437238,3.155771638102273,3.3589585029058457,inf,3.248228185041887
reference_46,4.909862450704025,3.781477324129296,3.336477549820331,3.4273719435962535,3.6877402162604556,3.3343676396711954,3.1976062836256123,3.3558367261138518,3.151362720517848,3.462970499049966,3.487048805895777,3.6791566354079963,3.7192520256040877,3.261766570048101,3.344673790324527,inf,3.522148917919872,3.109951929540855,3.462994180661664,3.427694801647003,3.4285973590339167,3.0722247064257466,3.3521327396116014,inf,3.21592789182575
reference_47,5.173421775928335,3.938617102101712,3.625545159743525,3.777282733363545,3.942759862223934,3.3820658044619685,3.3950764073089026,3.715770375136903,3.3759670618881152,3.641975724856368,3.7366782848807176,3.9793943344782514,3.9708888745582915,3.5587688966466415,3.6133841852837625,inf,3.789817624335488,3.3255852765090173,3.6611915996904942,3.7055622139245403,3.652153946154988,3.593928970932269,3.65944025804092,inf,3.486105106036162
reference_48,5.031633262424486,3.9045765079316217,3.4148298329442945,3.658959157219675,3.8106321702524135,3.4635516620379754,3.3156694549504055,3.609038826836716,3.2766940899477413,3.532697656838875,3.4903522950326775,3.7938015991421423,3.7918809307092394,3.3544195430028507,3.618099651114481,inf,3.646996939720851,3.395509286581585,3.6535622818032314,3.5888806266965574,3.4960871053615326,3.282765701947009,3.503764554546334,inf,2.869486583375156
reference_49,5.141431131837512,3.9777052037713054,3.712938310394926,3.8251432332921653,3.9699501484947173,3.6949641174596626,3.5712752668665453,3.776571014030336,3.517506471898209,3.722283764198539,3.828027427254272,4.015184784383663,3.913019081015814,3.664697299546159,3.761197632568371,inf,3.841656623598579,3.543630609375225,3.831436909509766,3.812614013831532,3.819762335945307,3.430129464618656,3.708897467485683,inf,3.6966655460343687
reference_50,4.660408374928712,3.57093268676877,3.3704834587850003,3.4872398593202827,3.555463813317902,3.249933816679805,3.1617919710592646,3.2904389008340833,3.0724262162445415,3.4585284353649617,3.4093043796110876,3.619017911365821,3.6572629145956514,3.3648981547093393,3.2812974470456604,inf,3.4016556997085807,3.0816226449927293,3.3333966572972105,3.450684825850882,3.315976698230794,3.272048929550067,3.4035772953372003,inf,3.2915392746803285
reference_51,5.304491955566049,4.14798437139988,3.7655249533014987,3.7468724037439225,4.197360797306584,3.7197038605248927,3.621851740345978,3.796476070858777,3.3024257485157587,3.7758861783747077,3.8125036476740357,4.042993132238004,4.05559445251248,3.6521034218370914,3.6326095726222754,inf,3.9246590066062215,3.4165535203814144,3.7490881296250578,3.814454705890991,3.8260331773469005,3.79462068695342,3.7813482436297536,inf,3.7938777043945318
reference_52,5.079711159391999,4.131992990416646,3.6636304780155275,3.7423921473143698,3.9603973098285623,3.620946916153431,3.533157234226046,3.7298300130978226,3.442819188964996,3.340787418251395,3.8205228171080665,3.7976951515938335,3.7016839685689216,3.6020759610487225,3.653368252531099,inf,3.840965614115298,3.424636810249321,3.615134785881123,3.5506640858583407,3.6581205722384955,3.672746343288294,3.390774547469497,inf,3.673939717109776
reference_53,4.741625679972172,3.695195626876831,3.4336514204899258,3.5214357212120295,3.6413604000682054,3.2789954604183436,3.1582941439158256,3.375905748930216,3.0840032889717097,3.4934261886134146,3.4227048481098183,3.698032996766377,3.6880686890509606,3.3974449776301383,3.3672690890265704,inf,3.424450751810789,3.0983123093409723,3.3812246754937374,3.4941775014025347,3.4194796907966034,3.357583430656962,3.462009678130388,inf,3.339872275122214
reference_54,5.237858035597801,4.232468782555818,3.9490571060664736,4.024078211979509,4.115782189854733,3.89354166015774,3.792827329621838,3.930600725277543,3.761631725402794,3.7488793725528717,3.994852304781522,4.191684707252861,4.105389926713372,3.8739772661268708,3.9277574708211422,inf,4.030617925261259,3.792439818686257,4.031382283074612,3.9597103591810447,3.9755333581162287,3.8763937333640786,3.8920681403994557,inf,3.822111972478009
reference_55,4.675666645123481,3.673689986839771,3.4517870770301293,3.534260512588024,3.7142134564048064,3.332234059978366,3.2627398841807063,3.3601928580584524,3.2222579869481494,3.5270171988354924,3.5473992598095268,3.6859188777635628,3.726200390379334,3.380531250563145,3.3463470244741913,inf,3.4729728028082847,3.2343154010484616,3.3470349945179727,3.5230327889681283,3.3797519321873875,3.431363020164155,3.5096987100419996,inf,3.4565461296751505
reference_56,5.09084999215305,4.017158856824896,3.326962762643838,3.704024606045591,3.8992171518359706,3.5296166202837216,3.3306990900865996,3.72959379209431,3.4229235411494545,3.4557895261509577,3.7437979037006928,3.901872552930506,3.805921319092526,3.1490075151137598,3.741087337988522,inf,3.8435626872762017,3.4951588442680994,3.7394091290358493,3.659143374469699,3.6840861265460516,3.3101799186621554,3.480844521587781,inf,2.7989197120458833
reference_57,5.004231700833314,3.9272001893432753,3.645929779527739,3.6661884674975243,4.0062936292842934,3.62217015138965,3.4941830655638806,3.6928499271551782,3.4432446162605,3.7541027866026773,3.8055904287291122,3.9513948098570117,3.985953801823367,3.5693671577466617,3.7057209819345722,inf,3.782949850126917,3.569130042231338,3.7225161943606335,3.7644578007695197,3.662404587222984,3.447050091800676,3.6311467217949045,inf,3.486930096875197
reference_58,5.213240409823179,4.187192060494542,3.8712507353771524,3.9531535057295564,4.171502098185436,3.7520647434279324,3.6979571419483,3.9223997803689836,3.6065930567992863,3.8377796603146197,3.9476723293383644,4.209496680749074,4.106437491034699,3.7912057693573233,3.905588266514969,inf,4.024373997356414,3.6732765246382444,3.9056052868977917,3.8940351079887825,3.8624106529296025,3.649548575409863,3.8166965735594034,inf,3.3593812770466807
reference_59,4.935212589800078,3.837063732492114,3.1898354603044567,3.586309349499963,3.663119447568418,3.465894197966875,3.2981822823107065,3.50254782730176,3.2503369454713367,3.4681654687237407,3.5850980599058566,3.7503549735985393,3.7128331421366982,3.007905614132676,3.5002118171225383,inf,3.6448602563204275,3.352778967331493,3.589585745133561,3.5564688748106184,3.5055404690018306,3.291002661463128,3.374317090274599,inf,3.204705435897932
reference_60,4.675998097826004,3.6488503184251786,3.4254139126925223,3.504033990456462,3.699366381845263,3.31620676196301,3.2239595953781075,3.306202755060196,3.207814594230633,3.49041790589118,3.514677599009946,3.653215079334707,3.693608722045517,3.3592039631619452,3.3162914517070528,inf,3.433264895554781,3.207372885490785,3.333062384539008,3.4876878105445432,3.3455441830710493,3.4197899064111925,3.4735892920936347,inf,3.4389635149798394
reference_61,5.046860713827585,3.946228387656907,3.305333253877398,3.6064835075600317,3.836303075705889,3.4924254115980724,3.349397325905144,3.581901191862999,3.3464412329302533,3.5628327169949707,3.6093286815115206,3.919989632166543,3.8332659382652428,3.0985389470589713,3.502391903629742,inf,3.7036874259479164,3.394587460849287,3.645257574742353,3.6532352755447506,3.642730485206774,3.189593336994647,3.5417496302397544,inf,3.017230830196239
reference_62,4.996691857994131,3.918765876636964,3.5083447921361794,3.567458388357257,3.789092901904215,3.418019193161854,3.250929107596741,3.488410885727791,3.205471482354123,3.440960404819735,3.4620282112828864,3.809521824791977,3.7992006588829765,3.4909454766297863,3.5268308560856085,inf,3.56657738820065,3.2528365807519757,3.543847271765737,3.5474987655012726,3.5013757066930933,3.172233747674146,3.4324314624643697,inf,3.105713928128112
reference_63,4.993577005047798,3.7618627880887745,3.441285013477216,3.536450221972525,3.7290168789766693,3.3179349516108037,3.2045400480795116,3.479916588979697,3.134650739016906,3.4386222173775076,3.4949276373527502,3.764409269622412,3.7324263246871947,3.4195418407134173,3.4357002263159755,inf,3.590600099310529,3.080607582065802,3.432721878687655,3.5194625181767916,3.4250076429826968,3.262314270584151,3.416296952363801,inf,2.987553973035622
reference_64,4.887894157571197,3.7099072697691917,3.3809109754759112,3.480315547627449,3.6782672268473435,3.306180565659165,3.089004357923128,3.409791485714078,3.1618274090486604,3.386570823032558,3.492630077126738,3.739804136403597,3.7216256742552525,3.350097948097467,3.3259646690156695,inf,3.48488514356643,3.167625759916189,3.30389068524788,3.4061726601907902,3.2657023796883764,3.350054462357708,3.3884615284767747,inf,3.2975217454851156
reference_65,4.692235265864493,3.6816061067694648,3.363923768530256,3.5163896609905385,3.678123352850213,3.4867297890918856,3.347041257885184,3.4494672859694213,3.2699684924462846,3.6216302973669414,3.4942535669922616,3.6223992067961186,3.6311935681419567,3.494454177148229,3.552590130565782,inf,3.4269803913630024,3.285492548783228,3.379625139859065,3.5717698356081673,3.45543169760297,3.491655681107817,3.597458022049577,inf,3.5607985995726326
reference_66,4.821026066274918,3.7513939488232007,3.3454828314552207,3.46199486238369,3.5518416072859647,3.15613840109767,3.0832126438575833,3.3487913767487503,2.888333816393576,3.4932588529063113,3.3048863451089794,3.6229003768499077,3.5308045913244666,3.408751033786118,3.429274444501273,inf,3.4660646825000576,2.766876772537457,3.3656577541286357,3.48879628919724,3.3706231693380477,3.1562769579346868,3.462413433567496,inf,2.862253884135454
reference_67,4.6693711134170295,3.612722655040622,3.368889513750642,3.4662724604415893,3.523254428036767,3.150170542126,3.191040146988495,3.205148584413528,3.0245537883846074,3.509207427671552,3.3197774452077553,3.531777667308661,3.470260693543435,3.4071991373519896,3.2697723587368968,inf,3.2976300285130735,3.0726328565052525,3.2213207260544894,3.4759354053256715,3.3093661072219525,3.2049433809179715,3.4991277492178683,inf,3.1695747672994616
reference_68,4.872125981841087,3.8048983902398352,3.5647785146077733,3.5702199283132554,3.790274549477131,3.322163523172498,3.1961948903577913,3.4295592535316946,3.250720339534913,3.587595627765596,3.589886176132379,3.7963107370485125,3.815589087025643,3.472679919708967,3.3019631500774382,inf,3.493868197724819,3.234271608260408,3.4784882766972816,3.584008696746218,3.5109358212909996,3.523157663496312,3.5838898801004886,inf,3.459357174825669
reference_69,5.001230239868164,4.109311976745844,3.8651250899006215,3.8753953646067383,4.124966271169925,3.694109959069848,3.535044297504406,3.784715992631912,3.624127204545943,3.88863643565011,3.9172028306212052,4.085502404824118,4.166204834098817,3.753190720485449,3.669211409438324,inf,3.7800142110526562,3.6118888067206196,3.8247209809219265,3.8881079931863676,3.8100141758174564,3.8498902366874583,3.8765154690185186,inf,3.7961666649508476
reference_70,4.723107912709403,3.672921107976336,3.4141097611048603,3.530503058743693,3.4866736071380595,3.305899154666424,3.1785287455658917,3.245929075250303,3.0549402017917173,3.404673721950035,3.321497418060413,3.5714012636052734,3.560108359733025,3.4570770505831425,3.3350380810852425,inf,3.3858819685247035,3.160310695759569,3.3849777485507815,3.54233668397062,3.41837007256347,3.266429626408024,3.3712198087819267,inf,3.1552147427072232
reference_71,4.918068524242614,3.7876803706759015,3.4523469275411918,3.5619678570945457,3.6320435151580344,3.130790526134013,3.107108826399073,3.3789530378322463,2.916417147654168,3.3862249384073793,3.392690425381504,3.7316622513544737,3.588447522782486,3.4039421290713574,3.2803865058723445,inf,3.45447322919818,2.7146870394714773,3.364162905551408,3.4219321608990665,3.390121008388663,3.2898641348364848,3.3548090121839818,inf,3.1397635891399913
reference_72,4.811125929864168,3.6491354702911374,3.4357167732994296,3.475323632795811,3.6373296998541695,3.2980005212630035,3.175311503032534,3.3740705784403087,3.0928434776691387,3.4775536706843373,3.411001772967177,3.7004027214815705,3.7656859087003713,3.3965585095784663,3.359452985499263,inf,3.431092171615243,3.1694754841228754,3.419217274112585,3.517186918864332,3.3946242691342357,3.378659587988467,3.432811290500164,inf,3.406017986032868
reference_73,4.958885250492096,3.910596198709011,3.5764576911485104,3.75620101233083,3.8431567189290887,3.4293384885365366,3.367637798105526,3.587513137575388,3.3286027616770344,3.58425839619112,3.6716618142414554,3.828635991960904,3.877693583919526,3.4947897748429777,3.48150408593812,inf,3.5260497632431984,3.1994960562713466,3.5576169974460825,3.624829017225213,3.5073193221034393,3.4843184050333322,3.5596481725026368,inf,3.5808919453010564
reference_74,5.000614318562674,3.9252992225862315,3.415094642214498,3.555778855452916,3.693644196107848,3.3494631406926483,3.1560569549377044,3.4201299296270187,3.127565325859289,3.5207698967115797,3.419136976899444,3.7178923760229177,3.6814022659792625,3.4629991955416313,3.414955612407527,inf,3.5451547864105923,3.0252461204738568,3.5040359861573607,3.5661758690874716,3.4861779329693743,3.2593958381184605,3.4896668381815297,inf,3.0125598726303524
reference_75,5.323986433767319,4.154503281481862,3.8090788727853617,3.8872383201520444,4.146240134196122,3.6759649694030285,3.653241135692903,3.9077073781893255,3.6441085871639323,3.800176787032127,3.928252674441298,4.155199378099836,4.1707229466671,3.7608425656341313,3.790191453145695,inf,3.958882544584751,3.5814503793841928,3.90163324841691,3.827578533434506,3.898462659775533,3.841875552878737,3.8266945350298878,inf,3.766748795371628
reference_76,4.93175130377622,3.7496758650022484,3.315166682093119,3.5126423273164535,3.625934081641124,3.1629531838201856,2.8647725582501278,3.377835891233901,2.9447852019803,3.4394127873572504,3.2973568228760115,3.628469234799897,3.5571323888208766,3.357237934746681,3.395968319536617,inf,3.177062398914869,2.82452690938856,3.3416346945875213,3.426380886866176,3.331572531340898,2.935559568554454,3.4148883169881348,inf,2.720590640112609
reference_77,5.054498821266175,3.876192764257908,3.5802052673370635,3.7489329978634003,3.775750172888866,3.423407227800572,3.3416282029706394,3.60939151803174,3.3295574892084447,3.6277920892767193,3.577696056540241,3.8837132048378726,3.8989470472465046,3.5387666386735437,3.5180440297266005,inf,3.5177878802906872,3.3285278538345424,3.6343646558997635,3.6134929051662983,3.5307741228030385,3.5471107934905746,3.5757352437606813,inf,3.5666486526417733
reference_78,5.159418313988685,4.068625808235359,3.719079541824408,3.7627902454611304,3.971379551770613,3.707975401693344,3.5299539802512045,3.750788868027925,3.559086769933942,3.5749437493850227,3.772897745605677,4.038898297285659,3.9354321232127667,3.598956086423278,3.665135192952156,inf,3.890733210443437,3.5810331241781506,3.8422186503230393,3.7533163592392045,3.836948146362828,3.4098331079403037,3.62115739446218,inf,3.2062319859388353
reference_79,inf,inf,inf,inf,inf,inf,inf,inf,inf,inf,inf,inf,inf,inf,inf,inf,inf,inf,inf,inf,inf,inf,inf,inf,inf
reference_80,4.8991193118782705,3.840886699860831,3.6062549420787384,3.7711154203982593,3.7861875165771375,3.4360540936009376,3.44861514264412,3.5158179504820817,3.344787090300569,3.721652180556501,3.624062452254449,3.844958665654312,3.736765302445928,3.6516428620174004,3.64015385996274,inf,3.6416515636154285,3.3940939343668624,3.622887867355436,3.7472773002081166,3.591460123653051,3.599995197690461,3.696183139768952,inf,3.447304911229803
reference_81,5.068579817786693,3.975108414154172,3.6985292581777753,3.6941262330937388,4.028678239726274,3.5522640809693335,3.4685053187784907,3.736812232795596,3.4063373432287345,3.6770345824824573,3.795962364433353,4.020614181780923,3.994597261022282,3.6187454739923477,3.7260844101016044,inf,3.821848419912696,3.4865550625810044,3.7475381769499045,3.7499920120773487,3.6856630886260024,3.562280963182545,3.588878619348228,inf,3.524089375135327
reference_82,4.978339871481009,3.8331768445293037,3.9912344896878613,4.10194004183908,4.1589847691607025,3.91954561714074,3.8655694073789397,3.8182149274416015,3.9237497697880537,4.07332558646132,3.99682981055239,4.02478410525685,4.090659310639029,4.0089444668098695,3.9123723617160473,inf,4.086167272269717,3.8954916478181207,3.9472659936395016,4.124874024686614,3.8765491747969185,3.9664565962434506,4.054660805177555,inf,3.8978621279126973
reference_83,4.968108574965137,3.899546005792563,3.5316326845261456,3.5179632346589726,3.855389780548245,3.49449792360116,3.0433110081971746,3.5438410623718704,2.9279854768837588,3.613000861291027,3.5807645426287964,3.8024045821539207,3.4367322822478883,3.5388470346271137,3.614851746349001,inf,3.6679339765358994,3.1647161885564783,3.518229897828869,3.587333932558477,3.5556603192991165,3.509785671775904,3.5144411862014637,inf,3.202910935916537
reference_84,inf,inf,inf,inf,inf,inf,inf,inf,inf,inf,inf,inf,inf,inf,inf,inf,inf,inf,inf,inf,inf,inf,inf,inf,inf
reference_85,5.075984521492767,3.886783953756738,3.513736497947905,3.5949378388555053,3.3827899564020023,3.408146155840874,3.30024132802569,3.4732332976372717,3.246371312480953,3.4535154147574545,3.5462938126437367,3.799527723317837,3.73989259237361,3.420593576727998,3.3705920125699045,inf,3.6210423277480954,3.2109797791325576,3.6040027207764496,3.580410928137788,3.5803306260839483,3.205811824822434,3.432432328002238,inf,3.094418082821131
reference_86,5.011906498901367,3.780203922211528,3.4842125893584273,3.6774369094461203,3.7721624101677587,3.437396992941171,3.3127107583165096,3.458257070663452,3.3324857998110615,3.4902263762004373,3.6027408831603496,3.7178510315607927,3.8005908251770024,3.3944180291690826,3.313695144823551,inf,3.4474535290832518,3.2504627268730433,3.579503627400081,3.57304033329601,3.4762350365311505,3.455589312227136,3.483566168126106,inf,3.533112998291016
reference_87,4.664210020413399,3.6502215974172354,3.451087130090362,3.5339415920341013,3.6976382681972018,3.313447321968317,3.227298375281652,3.3081579464790822,3.2107628926381664,3.5069818745759727,3.5236471175000488,3.6709945337355236,3.720479162509537,3.3842135004514455,3.3130197133333206,inf,3.445469186475515,3.2187865400900963,3.330782841956213,3.4862102490079594,3.369918862128621,3.407941310334389,3.4967575640283823,inf,3.455912142230988
reference_88,4.853358578650115,3.7334689436687785,3.463702941120588,3.5554416788424708,3.5755386305633556,3.2978635119825794,3.065883346642307,3.3586544761298636,2.834240461193653,3.535652074951732,3.175045764287679,3.656051529889543,3.558541933392313,3.501327568754326,3.4597378473082734,inf,3.328824274334071,3.1707946767629753,3.418108749359676,3.528767568061406,3.4489992641531972,3.3717582000706448,3.5020875504042395,inf,3.302667925279032
reference_89,4.862518684373192,3.7393114756371006,3.526866338880621,3.6751885078009137,3.6575318807253434,3.3191112077514813,3.119747169133283,3.3266601929991215,3.280432559681344,3.648225549382178,3.4774423015012546,3.676091668755245,3.6355992915484356,3.5410764137423,3.3418334227459034,inf,3.4971365151156624,3.378247127589642,3.412648839348817,3.5568594325140297,3.486338966940225,3.4548509327526684,3.631121396077201,inf,3.54422611023662
reference_90,4.982619496588422,3.9518869574317925,3.567362813985095,3.74945758149904,3.7779470810567615,3.4548300715157034,3.347808502861118,3.486748448926807,3.3326264530467733,3.4767167712109566,3.662549254231662,3.810459133127124,3.8068418939309128,3.4732718903632995,3.3729706049072266,inf,3.5957305033071996,3.4087882881725364,3.6708486777270584,3.645513691124601,3.6230385447260756,3.510571105827097,3.5164891877284528,inf,3.5769716697481635
reference_91,4.81149142976098,3.6674224653980256,3.3670654844408117,3.51947194821167,3.5966945493988507,3.2196700849946978,3.1027721946336264,3.338460976370287,3.0308427912539284,3.463441773397565,3.3272997587792865,3.6060684696115337,3.5720852795045377,3.400874384875631,3.3853091366672516,inf,3.348697649215924,3.11181760039269,3.3456376800318157,3.4535961685449057,3.3244980204199845,3.2979389345804058,3.426578206987858,inf,3.3150455067799336
reference_92,4.837522563239396,3.685255864395566,3.52380666783866,3.5909220574869516,3.191280128553115,3.3165430995799023,3.1316808179855307,3.32824055481107,2.9964356126727143,3.5158537761359905,3.3778795422242878,3.583309430584841,3.5154873546343794,3.5391365755276625,3.4234177381266195,inf,3.5308196379922556,3.2310128674027743,3.3291302640671936,3.5034662398002974,3.4426724326999376,3.304040194920341,3.48198488179711,inf,3.4197219824517795
reference_93,4.729792112393379,3.70675981566,3.5129144634975193,3.56562992225647,3.7855745487440133,3.3699800622645615,3.311500622221338,3.382850559975147,3.2872573601708885,3.573750147299409,3.5837525363810876,3.7377075413193808,3.7710330371467595,3.4508887136768105,3.408580429813981,inf,3.5434925279865266,3.285867577696636,3.3933835650110225,3.5741054403196437,3.41670997706141,3.4714524703020766,3.5678282905955316,inf,3.520093499559403
reference_94,4.905161107418776,3.879513139924288,3.677840990159692,3.762735445542455,3.7628555917651023,3.497211199081957,3.497564439871554,3.5895668358092307,3.219561585872744,3.4976998484215733,3.5884380341297946,3.7637004986976232,3.6413932250469454,3.6746606190816165,3.7220901928268075,inf,3.713805566799045,3.420627768255285,3.557998108235716,3.679258814842895,3.6542321935139292,3.621041686029781,3.6112697261104585,inf,3.468578158628762
reference_95,4.9739161684777855,3.842340983001685,3.565192225154239,3.624777084947376,3.6989087393468343,3.4035926289785072,3.36451913042074,3.5176437959054407,3.251523477942408,3.429476110018451,3.5509137426600796,3.7338467384490777,3.7452997843252214,3.4903096410738232,3.5203206599501797,inf,3.5762023611338045,3.287099798142147,3.553491003002986,3.57958360733193,3.4882971657819644,3.4611031723689893,3.4557216835782816,inf,3.3791507206518743
reference_96,5.1587519246363644,4.089645139843822,3.627485336264886,3.842149050718904,3.931277766149972,3.636631631694555,3.5640386046416985,3.6831973241350653,3.4612168293391017,3.4653022494707106,3.815955393424795,3.919447728273849,3.856661921715403,3.576967533568382,3.6094248243001696,inf,3.832424162354708,3.4102061852223464,3.8496408664643478,3.6940468835410223,3.8354189458844066,3.5362641091001845,3.608491017317295,inf,3.581480158086491
reference_97,5.694159507751465,4.849894766278863,4.644393593077506,4.763619681444407,4.793743111041289,4.5966561353902815,4.521176791273099,4.67764455835712,4.511813865222481,4.443154740159034,4.731238155450958,4.861350730373335,4.730769215962602,4.597543454316973,4.675482449304581,inf,4.837686740791797,4.521169944858517,4.760025078080207,4.64523079223628,4.72821026299734,4.549994821459116,4.586343508005619,inf,4.564937462945939
reference_98,4.960353905788176,4.028195924433813,3.9228135119078087,4.074575134437834,4.006269897402724,3.8099885480824933,3.8184363256714002,3.8322563499506797,3.7676923808070684,3.7879491723466523,3.969880589226173,4.016655102684624,3.931500744425435,3.8970441834311935,3.962332122217181,inf,4.000397102083799,3.8708718479107347,3.91303097822201,3.9567063939501055,3.9417711152736676,3.885728417723828,3.914312305283567,inf,3.850761604043398
reference_99,4.675666645123481,3.673689986839771,3.4517870770301293,3.534260512588024,3.7142134564048064,3.332234059978366,3.2627398841807063,3.3601928580584524,3.2222579869481494,3.5270171988354924,3.5473992598095268,3.6859188777635628,3.726200390379334,3.380531250563145,3.3463470244741913,inf,3.4729728028082847,3.2343154010484616,3.3470349945179727,3.5230327889681283,3.3797519321873875,3.431363020164155,3.5096987100419996,inf,3.4565461296751505
reference_100,5.148162923261761,4.064497782439232,3.6804842186615407,3.8225046052728895,3.8936127837743433,3.4155827310405966,3.2808489169309127,3.7428165977211,3.3838647770168793,3.4847587920045853,3.7595043098002003,3.9127700682118793,3.8523866044029957,3.5221840583084822,3.7283931822184324,inf,3.8202144608302118,3.5434432756123417,3.7528697771201296,3.7151106457972567,3.717284334071227,3.477421594201219,3.5824892234306334,inf,2.8250651588272695
reference_101,5.092653515165935,4.069528111545221,3.7250338615387615,3.678809358582965,4.082569189459568,3.6397681996378526,3.5275125874373234,3.7760828228289207,3.446752397915995,3.738758260935091,3.850763196471496,4.06011599910152,4.059697553390919,3.6501524386760114,3.783895436609081,inf,3.8798851211205756,3.6365259215309838,3.7936200416874435,3.80033354245805,3.7441401391791507,3.5939975134627806,3.6158017271489133,inf,3.571493341420757
reference_102,5.1461460102202325,4.091160627106292,3.7524007746259,3.7405119905128243,3.976606321648983,3.6183088198382936,3.5061739994311805,3.7070545928219656,3.4246843298989678,3.539211992053148,3.7559655596311003,3.9772261359108736,3.907454755177976,3.6597430152754065,3.756207849202222,inf,3.891046653064785,3.5501001779416463,3.7501032040183815,3.7070639769733535,3.7696183655610214,3.5755405914508303,3.5337966312726685,inf,3.220396862548983
reference_103,5.231717386538242,4.031097307589933,3.701002172702636,3.7737284417281174,3.9867151203709352,3.5043674092906167,3.5070369086091775,3.71139962887319,3.445306081414138,3.6721337815355066,3.7554045052236127,4.051101587312494,3.993136995520319,3.623859066388253,3.6435716517837378,inf,3.803147335982168,3.4209537015595113,3.714709868857489,3.7922599441157674,3.689112604755512,3.52276358182664,3.6510506947802908,inf,3.165640916345833
reference_104,4.675998097826004,3.6488503184251786,3.4254139126925223,3.504033990456462,3.699366381845263,3.31620676196301,3.2239595953781075,3.306202755060196,3.207814594230633,3.49041790589118,3.514677599009946,3.653215079334707,3.693608722045517,3.3592039631619452,3.3162914517070528,inf,3.433264895554781,3.207372885490785,3.333062384539008,3.4876878105445432,3.3455441830710493,3.4197899064111925,3.4735892920936347,inf,3.4389635149798394
reference_105,4.895709678027886,3.7276116360944593,3.1179529191527027,3.411154079604628,3.6449510241362493,3.328486433179698,2.8651922848041456,3.4577316244950995,2.9851352582109483,3.4934499645435686,3.350385801923869,3.6906360811418097,3.6299993893821054,3.1573559059462606,3.4926269742089056,inf,3.523713609554797,3.166862072094859,3.440816696128754,3.4668787503126812,3.431097298353787,3.364173098071404,3.475577864635413,inf,2.783296708598045
reference_106,4.922963086687803,3.9047311321275235,3.6189316472476842,3.678744559812367,3.864704610212087,3.4734126367213727,3.3777309336999637,3.6201154676683545,3.3637334158659407,3.580534111256361,3.672091904988437,3.9306221261139087,3.851337577625513,3.555949721618056,3.634790454543233,inf,3.74417191645056,3.407967150914503,3.6445386023357673,3.67366681693259,3.6416096827358637,3.448065939245304,3.559450332475841,inf,3.1080372693746567
reference_107,5.264814376831055,4.182448539967537,3.911651702998235,4.055265499181151,4.2913859828718,3.7984943349281552,3.7724392024717135,3.8993308038525583,3.788835609111349,3.8485414757080676,4.052651844419746,4.172958368286698,4.2956462870864875,3.8398683982774613,3.763629504307556,inf,3.9500842725470067,3.666243004193263,3.9254622249856705,4.012630723603103,3.959167231120581,3.896927704802574,3.835878774017215,inf,3.8409375102084167
reference_108,4.818923787332893,3.6911971961728995,3.4361329402794447,3.4403599093892345,3.554855791676543,3.0583993872970234,2.872535478083559,3.299089398567724,2.877225183391178,3.399501082798931,3.282766123401451,3.643122837711722,3.5433005351844358,3.364161107631923,3.192316346970892,inf,3.3540022430328404,2.918100702868487,3.327679709473801,3.445412551553644,3.3721664860446974,3.1641018825179943,3.3993429555320285,inf,3.0789640734477666
reference_109,5.014620630769588,3.948564640483952,3.6494617519535977,3.802688167487384,3.3135951651403937,3.5568083486926567,3.2578738820509185,3.552745207681954,3.4211066168844644,3.670781183915735,3.3900818998864155,3.7818168156833543,3.704664385311603,3.6676466962108027,3.627916696246863,inf,3.686242297928096,3.4169727021655047,3.644523986594989,3.6889743877274155,3.643562952714815,3.4183319784130455,3.6768624392375355,inf,3.471132583292722
reference_110,5.106836086579055,3.9472473127355436,3.6339272923433126,3.7779273196597485,3.694788537427558,3.506751258447668,3.3690715061113967,3.229991893462879,3.3100800862204642,3.17359828303742,3.4831646387174615,3.678650423740872,3.9488481626277796,3.5961811493536615,3.0178010045780277,inf,3.2525660346788285,3.2888405439983375,3.6913259243656493,3.6696185709495595,3.660731077458009,3.5525044466078954,3.1637335863214204,inf,3.5697457429387196
reference_111,5.055939713287353,3.85595768991065,3.4935800842046443,3.653770468601227,3.842685157820437,3.33183596533522,3.2740320106626455,3.5136372708435055,3.23087240703342,3.491308999469519,3.632005841624193,3.7640304471903265,3.7909444315979006,3.4383501076309684,3.438049957567477,inf,3.5519028600311278,3.2982349906172117,3.570927818477191,3.613144859157555,3.5584048892601867,3.382995464192979,3.4544414990428094,inf,3.4399385250530727
reference_112,5.1756591796875,4.0371642237585785,3.7530483367250786,3.918407465519905,4.068304843462261,3.615217724285245,3.599160360100795,3.6961827701110836,3.642334060875126,3.7160052703197004,3.8912173548981825,3.9500883571130503,4.070339194482423,3.6395622278004884,3.514842102542162,inf,3.7837833895568846,3.5769557516158073,3.814882497934502,3.8002759851089003,3.7146273940302494,3.8064280001210915,3.7463895911341907,inf,3.7922039166944503
reference_113,4.934206838579177,3.656526393396258,3.270958126312511,3.699145029772758,3.7286711745910774,3.251205522116482,3.3015030938942633,3.486521671528816,3.1715852972322853,3.558515812397003,3.5360482179655706,3.729812618653115,3.743380232837677,3.123673219241619,3.378271466647625,inf,3.543507589859962,3.1276054225087724,3.5890002751823777,3.6555181272863773,3.553291562429096,3.447293575666496,3.5902183291912078,inf,3.189206687590671
reference_114,5.025540132821999,3.903586466361274,3.526637064585649,3.647630191179628,3.7897699321585563,3.4569752238742764,3.33176698204822,3.56041980158559,3.3036612713456384,3.501600574933523,3.541944832448918,3.813943042633114,3.7317894746530267,3.457416630256699,3.5331279933917092,inf,3.6298030738667206,3.3137658558236898,3.560057865477714,3.630100599955098,3.410582934658656,3.2336344271337305,3.485150659310024,inf,3.1074488054836684
reference_115,4.9403829677351085,3.795755820836806,3.3849396212308114,3.52914039860739,3.596522359592573,3.1458407065440577,3.136662259395296,3.3888492997348787,2.701643116021261,3.3815214996854284,3.431352662773205,3.6887660534964986,3.5983966392785125,3.4621241143331876,3.2964179808067757,inf,3.3587799113023604,3.075418832337761,3.408132029425772,3.4531997112721387,3.413873333298848,3.3265793554987093,3.3998174775688876,inf,3.1423434982151806
reference_116,5.010949496805668,3.7461403800957203,3.476325679247515,3.618633622441292,3.799828707300534,3.3292830204822423,3.1899438896016306,3.4681610223882795,3.2212618737793246,3.430213029819727,3.5224816997149557,3.7691199140845044,3.77199513078754,3.4396429816846847,3.3550391042121412,inf,3.582750767059028,3.1865242994816136,3.2662225515177696,3.4631861928258396,3.355335609101025,3.379120036175368,3.4055369516551495,inf,3.490042628956676
reference_117,4.92558382616043,3.7583311952220204,3.3468141660525275,3.4814058798457386,3.692355757682272,3.157285439096391,3.104252424739734,3.3668104497710463,3.0709136321485526,3.36065356478709,3.3811794723847717,3.6793297504937104,3.661326528260887,3.3064649813613296,3.310861084289921,inf,3.420542370413661,3.0362153496340714,3.423593345796865,3.4201703951751283,3.3506054672759427,3.1363779418752475,3.3794468749499322,inf,2.891531585498
reference_118,5.077668261502016,3.9226250970974883,3.138544546170493,3.503608651556668,3.7319291746074685,3.19371457162928,3.197387694805497,3.5273753265280763,3.0556565832201747,3.4979198379704943,3.5064305486962315,3.8319738917893473,3.703321394877635,3.0854044411531927,3.4386413634971746,inf,3.5250969089162565,3.131571672897167,3.543384697233873,3.557982897638244,3.543085290152586,3.3386898292806797,3.476836090101599,inf,2.715169784021128
reference_119,5.004105637710571,3.741596005354476,3.5094991248429976,3.6918182305818084,3.74800941366864,3.3436843011989232,3.311335250551211,3.5359774106540676,3.1676712357269086,3.5008069073438643,3.568766768764536,3.71046018844549,3.8288834599342345,3.4642644423010824,3.470556048945427,inf,3.533202603567123,3.238794113058842,3.5798491053183876,3.6212118711510457,3.447466995650828,3.4596831983788046,3.5473008376479145,inf,3.523029388495446
reference_120,5.152549772694176,4.0354806129204,3.5919443732109833,3.5499946548598116,3.913252120325536,3.4468797742873702,3.294406254892914,3.6540255489827755,3.3442258787684636,3.6230467409991816,3.5791948347839324,3.8888062118890816,3.9132008546318486,3.5386069336712325,3.5557855504408074,inf,3.6824066454969833,2.9549705252674805,3.6172878808664883,3.6909231072522264,3.65333601842683,3.4157595610006504,3.606818781499472,inf,3.5947523786770335
reference_121,4.993096408214558,3.919759174246472,3.2693322756484773,3.5789712037925248,3.7976548024141055,3.3347781044403044,3.11658244694272,3.5347009802595575,3.2855977833318137,3.4403472960948887,3.5830035050089917,3.7279445639540896,3.7538899159789265,3.388844019216227,3.553815456695617,inf,3.68965972542903,3.3428566489805314,3.5909659503914395,3.5105500183288294,3.5357722000429397,3.3288777882630285,3.3830061323493568,inf,3.0439050429099788
reference_122,4.978821819033138,3.799362554992678,3.4351948122980307,3.5576610166462825,3.692354851025132,3.2080610140043873,2.956194210905358,3.4918973340578474,2.669255343395533,3.5421698539148907,3.5299855907918474,3.826256787541101,3.333509812099496,3.3997168669256426,3.5129974915459057,inf,3.564060428205709,3.1523570503846,3.533124070795756,3.583416518820981,3.4668213638731036,3.3774781083194547,3.405271149917448,inf,3.0917166475417677
reference_123,4.953300498794825,3.8102301291113325,3.3958737994839003,3.518071979011948,3.7129510893165407,3.3674675369998046,3.034354607335723,3.360567551052959,2.9662596683132136,3.4103731228636627,3.5039159956162313,3.659161571893913,3.3952413785913005,3.3302760725895593,3.379378356665896,inf,3.5682612167985894,3.2847576562130434,3.5012076678763804,3.4900645667993686,3.456818273450086,3.1667374641656516,3.3071109915333836,inf,2.9889418502501526
reference_124,5.193436923170471,4.085235935484815,3.776350476463239,3.7748935579371814,4.092992216695789,3.6853168611625433,3.3846254061701186,3.869257458493173,3.2746577940710937,3.8302828108221294,3.8501327974987793,4.105775569562489,3.6343554949483394,3.7278354761400823,3.856702660310269,inf,4.006560947457969,3.6584294546867917,3.90558027892005,3.8991095936744817,3.840239910870869,3.7117504549645512,3.700336172454059,inf,3.2916127671888353
reference_125,5.06678028973503,3.9740564409275057,3.276737161384827,3.222911341689539,3.883660254438549,3.5314394347971563,3.341645090733974,3.639226716686368,3.2382440984157674,3.528374833675563,3.682747894338476,3.839590164386009,3.736912143561602,3.0992223400391934,3.666852094839287,inf,3.7223086205281373,3.4241052544124653,3.684272705836021,3.6523996206983838,3.5815759058906123,3.4320349397527363,3.0641716889674067,inf,2.8661484698259834
reference_126,4.936252922920465,3.8074071868547823,3.450521155328855,3.525099420951566,3.7648707152064103,3.280217703778848,3.092836298667522,3.501966488948812,3.148308868706327,3.4446254184423744,3.45967091536473,3.69415553661366,3.691981326264962,3.4069342611905515,3.5096428850584545,inf,3.53204755029619,2.8903805482142224,3.4802351489576475,3.516834471185777,3.3822553511764952,3.2119867395500408,3.455507821624873,inf,3.3188485386318263
reference_127,5.1633949002363675,3.897307957377434,3.6260776854774925,3.6553404835777283,3.506290877209687,3.550608275588036,3.2942219441277887,3.7260413133117556,3.1204024854855046,3.7031143582024577,3.6874210298135104,3.9754249565462674,3.5314289365256433,3.50654774798584,3.7008074269220232,inf,3.776214891060471,3.4426109041531667,3.8192931466672477,3.743451871879783,3.6170914138795314,3.3644099855487233,3.5793742921156886,inf,3.152888148830271
reference_128,4.831475618579557,3.5849597753164493,3.4214651385689216,3.5357995620227753,3.125783837512222,3.1901446411357206,3.1200148950646303,3.3214993030119975,3.1001070181481065,3.424697073407553,3.3510193829289547,3.660614571978001,3.659231849807577,3.3921696885962453,3.274459016462575,inf,3.3495948117186627,3.0271009365156005,3.3546865185293875,3.435265460259543,3.3527147108428212,3.1345458274427376,3.4205799676541284,inf,3.2554984750567955
reference_129,4.46574345724576,3.5205702048383736,3.5280778972183353,3.6528141390688518,3.6991238622724927,3.4504030216239863,3.386283962313387,3.39925603737182,3.3339970583627507,3.6356733194351696,3.5621698414651903,3.7371751756090728,3.7038682396611993,3.5623220780997005,3.522675660807695,inf,3.5404896635019156,3.3495067267193472,3.4948698110336127,3.630126054845138,3.5030079062626913,3.42922307784642,3.625010789481421,inf,3.521785814821503
reference_130,4.93991524389976,3.740971943913862,3.1795313264199025,3.5590753716691066,3.44095992538283,3.2909794252601055,3.168469067188102,3.3804634320690807,3.232636585139868,3.459747012882208,3.441330737878502,3.6494709307607236,3.699022395401842,3.1342372576431687,3.3164283997662434,inf,3.507901364910616,3.182621152284973,3.5092621806038253,3.495064000539865,3.447475546590087,3.1402538023585906,3.448054904337977,inf,3.0502048609648944
reference_131,5.001096883493901,3.7547964683675765,3.453011263636546,3.572160645733595,3.7513681417521245,3.382155384546697,3.2701481766891405,3.5056339107449053,3.1501821669344845,3.4187589692150953,3.539667343077153,3.782349919121089,3.7280571368328577,3.3788807305486497,3.3816393061061616,inf,3.5118632471402287,3.0680622013404224,3.5628745518310967,3.5200837762408876,3.4956248316591387,3.3631317852409977,3.454623516307056,inf,3.4861144319358353
reference_132,5.024977023608208,3.8466918493659494,3.5658079630276385,3.6720430348868964,3.741696925288079,3.1097433880877494,3.2337944195701906,3.534671750122547,3.164472075868215,3.550027316496849,3.5047394762937274,3.8104701694257583,3.577534237999821,3.493936636266351,3.4095108359487054,inf,3.5377357371804714,2.9187539090360315,3.39013175451552,3.5192536457257666,3.373944522552338,3.4311762769374656,3.5515321607214214,inf,3.467316751916862
reference_133,4.782547175013289,3.6601818815305434,3.1446503988482117,3.449044338948403,3.5916905287104393,3.216392508389028,3.047911506199486,3.324066944145624,3.005510346303944,3.3628176225144717,3.3870448974488623,3.6141764021559393,3.606205019624989,3.330497753723922,3.3239161265263184,inf,3.4002459395400484,2.973923249048406,3.3444056660703056,3.447509809771489,3.328715977326718,3.207588000852844,3.3593831909239125,inf,3.256377626818788
reference_134,5.163404212823589,3.9986484010884027,3.705004438957778,3.801146447936649,3.9562818081425624,3.5364556103988503,3.5042429125789427,3.7251822591082155,3.337779460987285,3.6699300213397508,3.7702864242644627,4.017973634169575,3.853826261190743,3.624202433164298,3.6949683151116854,inf,3.791881665275305,3.439739848560603,3.780475885911227,3.764858604122303,3.7334775742689117,3.510822191716684,3.6488462713938716,inf,3.1225514865177453
reference_135,4.9631215451917114,3.843037046949982,3.4580319461471007,3.5302730346108047,3.7131682414621983,3.310517991433427,3.1075076097257712,3.502583126513008,3.1688826160677044,3.416936653591857,3.4500670344180984,3.756181324804185,3.7312755216676434,3.4141978920848057,3.4471916851908135,inf,3.6082896738557566,2.8143759865858295,3.4750726852132865,3.5465663124010836,3.4187073110335118,3.1546745231434574,3.387524305551722,inf,2.9768867529996768
reference_136,5.100718568423824,4.101794638483872,3.6887557609782733,3.7814692242708015,4.018058481942397,3.778685981398992,3.6290396318117093,3.7739134623649617,3.668716749600032,3.8130988277338704,3.803463834366806,4.032232750736051,3.973615237039487,3.680113118723272,3.810148155002794,inf,3.883884255917428,3.689666464403562,3.804234831909145,3.854100055271317,3.709953912211606,3.694119050825851,3.7178419577690565,inf,3.6435395531296195
reference_137,5.049978417260468,3.8764662703788875,3.440732207376017,3.6053932801151274,3.6259197855350696,3.2535515234824417,3.2045776153393972,3.4344178169438244,3.231200232297722,3.4881538513294457,3.543461124444127,3.80401157254284,3.810708828098202,3.3346029156035186,3.3527444611192703,inf,3.139861563599706,3.3001805660733163,3.560154354230801,3.6049417040034637,3.482770346877622,3.351082387761339,3.365197852407396,inf,3.276952581598735
reference_138,4.8310316025817395,3.68143470280838,3.250272080289433,3.306714364432573,3.4934041160008076,3.137529243872702,3.1116012581201242,3.239703800684452,2.6690570235478193,3.4761978979455237,3.2797989740596667,3.5769778547623567,3.469275214214945,3.2723823959999088,3.3459532764389515,inf,3.3167998024191854,2.9363232767253855,3.2994455230912627,3.4276563344878537,3.233274927876694,3.161962311759769,3.353241983032823,inf,2.941528685927344
reference_139,5.67196798324585,4.837666656996489,4.705522325021544,4.735094029980898,4.896153705544034,4.640312689282418,4.505815350697982,4.6156291739981175,4.503924159991923,4.697042184066296,4.770594743589496,4.803198134835732,4.868872902104474,4.655079354073643,4.58747090818882,inf,4.709671821152329,4.56469765818307,4.6917667664787,4.71027905320769,4.42923187843854,4.595554757827725,4.6611894277596475,inf,4.65563607706275
reference_140,5.027945049453788,3.9418535565920587,3.5844622881734804,3.7632070530437245,3.9040861506599187,3.640540648517044,3.4543506193580202,3.597197463586248,3.4561471987707373,3.689588556307063,3.6974520500756207,3.8978627475043286,3.9098026863524495,3.705497809894144,3.626248364556516,inf,3.749595804898885,3.4632484462915527,3.575406160779607,3.746786190003727,3.599788250784515,3.6377691906374756,3.6671243617776894,inf,3.693493808237306
reference_141,4.945922174811864,3.7476012041503983,3.38766725515695,3.4689778965457565,3.6351951321399643,3.2323842734415558,2.938558664592586,3.2992388012718643,3.0837694398240094,3.390910685240621,3.40377922243826,3.6678289446968027,3.697128330490758,3.363967382609898,3.245793398342356,inf,3.363720102140088,3.1493631389904935,3.2882572900946823,3.371783802002914,3.2869453148443224,3.1791767591882945,3.3806310676660125,inf,3.2825610411335266
reference_142,5.159141449724692,3.959767370099896,3.57492823198712,3.7484025867140525,3.9453577433943723,3.511872807621869,3.4428991911733724,3.6195812431977115,3.3868748323361904,3.595752560003528,3.7057496923524123,3.9388444944023098,3.983684774737815,3.5675175472906386,3.471444618939662,inf,3.599478340133541,3.3402133089878454,3.6737255613111857,3.6429239588198445,3.6005321452747996,3.6221773702303435,3.5836283482192846,inf,3.6234437883434403
reference_143,5.045973090566715,3.794042097934696,3.4847084675516222,3.5450451262704563,3.7051864966397248,3.265754142784543,3.1930268045950356,3.523284150697532,3.0469695331528492,3.5316208635420603,3.480074439141856,3.7491607978423467,3.6881825515603066,3.419239137284523,3.435230373363736,inf,3.570213488020845,3.1773355087147888,3.602298720011992,3.546445555568775,3.490436659440451,3.4133873506047054,3.527901737970513,inf,2.837242805134532
reference_144,4.9965027567132,3.8638406066811086,3.702251837996126,3.7717928505829095,3.8461624937693615,3.4721248881356837,3.432192958156625,3.595080681794584,3.41526077288224,3.691863638505817,3.6766232599198343,3.8681415938023096,3.93674375569563,3.6322660329051972,3.5972509400413513,inf,3.6707985566169383,3.44843281292344,3.596350452526711,3.6631598468554105,3.5872435636001474,3.574872167055959,3.7298596838986517,inf,3.5721148016164785
reference_145,4.378230064849854,3.458347204057932,3.247676763291964,3.3454796082208156,3.4507928198701294,3.063101289965212,2.995799375717215,3.137784952194214,3.0001206168122114,3.29750020043999,3.236375510864408,3.4938621181960237,3.531769911239625,3.2150600351929666,3.1482458000148776,inf,3.2072133007068637,2.9485340213253166,3.1799161976381534,3.335120649394574,3.2003145474726202,3.166303781529365,3.2785109882700443,inf,3.1628379009219416
reference_146,4.971131007041395,3.7500589957143067,3.399897417899463,3.5012960715671184,3.614442159370469,3.163876222003162,3.1226265225175354,3.375187214819133,2.9640985842549084,3.3867398259335757,3.41487608474014,3.7368420973186707,3.656606357399583,3.34110554274559,3.2812749456484678,inf,3.3910238917871114,3.07163872184031,3.4970938493103807,3.4810706418406046,3.4180077579980943,3.2411945498560426,3.3786193433175087,inf,2.7400034098466994
reference_147,5.069928640637397,3.8951857829635146,3.491304679913679,3.5744556001129153,3.8370660295098906,3.4653090889245868,3.22092091242881,3.640741931763172,3.3744865863900846,3.6583087142872808,3.628045878088984,3.897023439423962,3.8396953768487934,3.470595202540755,3.5737223191851375,inf,3.6381945293135645,3.2319848447083213,3.700038870209283,3.578658674203656,3.641932447341584,3.539850782049199,3.6287795481321217,inf,3.491051055747772
reference_148,5.064289368913745,3.916822147813892,3.555616535193911,3.621440093906498,3.7604914442805577,3.4205957166817904,3.319995258857924,3.621389878279197,3.339662639328964,3.558556090393734,3.643957296001045,3.8395088941765594,3.8973536968176368,3.539208742162645,3.5108427071502684,inf,3.7006698190532803,3.239621601843703,3.6204284205917707,3.672411192646677,3.5764074169681033,3.5948882243603486,3.5923133199907067,inf,3.439115705716038
reference_149,4.870786433350385,3.8262788353922366,3.5665519583870386,3.608355290315151,3.7298970714812216,3.417890104710996,3.340631973408867,3.5049152115498785,3.2365722807022537,3.510713241645694,3.5250166709812025,3.791285028120821,3.8041207748758685,3.5138516604394914,3.499042977833557,inf,3.5461929907512073,3.312074864974977,3.6165847236333994,3.6066596115694973,3.6046668568544926,3.5038464249785175,3.550485803666711,inf,3.3971801915551905
reference_150,4.910562218564818,3.7750043363718073,3.3656680405537602,3.056914482739234,3.5384620155520614,3.270850327485851,3.0888958356280516,3.373939083664399,3.2402917731997074,3.42383268696425,3.150264793436707,3.7333801777272795,3.6424538101683024,3.2381502200907213,3.2691108766855357,inf,3.476307019424104,3.091595947194341,3.545343903140564,3.3955778587346033,3.4986836158284786,3.3935282579384114,3.416802199073623,inf,3.1785059458114637
reference_151,4.524156163371067,3.4786025118205215,3.634844304024592,3.7250117890328642,3.783943996201005,3.5514486437273862,3.472948158012526,3.4824015710622103,3.4136523640848258,3.745730455913314,3.648526863893415,3.8185299102789076,3.7856358013691067,3.688487183906625,3.643744664090324,inf,3.6722260698798066,3.4872917113167796,3.5874438856643462,3.7190707557072016,3.6007551194819833,3.5238425681889964,3.7366989561116575,inf,3.631985438687567
reference_152,5.126413686660862,3.9299862825443954,3.7208535467917496,3.7979963872091047,3.938976675440624,3.6154243948587848,3.5467434721065123,3.6651283864311623,3.590280445064684,3.674092304189818,3.7701083587520197,3.892809210306095,3.978938002993103,3.626554098483686,3.519425862803227,inf,3.766226165000537,3.496539215668898,3.786342727867543,3.746353172280786,3.7465278807619593,3.6847390544852576,3.7227168505450656,inf,3.670664160688395
reference_153,3.955235048936462,3.8995892613314393,3.2329926887245715,3.863368996040905,3.0262376447714976,3.5446035038255697,3.5514632055031727,2.9866534308747053,3.5377872485656523,3.725690999511051,2.9715249602030216,2.8004835223032525,2.860285266902924,3.7196917553356887,3.669260810668087,inf,3.0219295178425667,3.4959722459515543,2.7420117213360227,3.4854646288747846,3.350765968080165,3.712802278885863,3.7193173643239974,inf,3.7116174533815385
reference_154,5.2154706299087525,4.036376004547853,3.6190150331755464,3.498427607323382,4.107078344876649,3.610986949208852,3.4368728185815325,3.7761479049150246,3.1973427098395617,3.647527248560413,3.662233492590359,3.920132563919188,3.9701359937578835,3.593504321412766,3.714752797440648,inf,3.9161317830011253,3.2719172654612723,3.7001418506047754,3.7809639476638295,3.733377184324105,3.623935761685958,3.602697560137256,inf,3.624833241132687
reference_155,4.72805793892069,3.604248841834232,3.058808568891323,3.430749956261628,3.460642455922507,3.2787768002753386,2.913447474848458,3.2685590467299432,3.0669067696808243,3.4021108879575643,3.303282226157728,3.5190758327496225,3.497785024449869,3.2987696284587655,3.3580095349868277,inf,3.212718790635249,3.10760235131008,3.221398916085006,3.4038017829750586,3.2729798389395457,3.094130057071908,3.3681257139690017,inf,3.2284952108549136
reference_156,4.879807111376694,3.7733279195080356,3.436602763641248,3.5065106484968567,3.667222104488025,3.2795932906784353,3.1054850742364244,3.4014966734123897,3.082414262509597,3.4220119717362802,3.447581604933051,3.692190282663647,3.705388593261027,3.3472909958239216,3.2790912701539487,inf,3.3281236039273954,3.0965805301497573,3.3658598909419384,3.4189529433577497,3.349773530875229,3.359381531225987,3.41252021482058,inf,3.4145749470895517
reference_157,4.776591553573131,3.7003093598041534,3.0687852857526705,3.330383480503082,3.5472186436706594,3.241279182518005,2.8448579146393733,3.328547489133596,3.063259128687406,3.4364257006509304,3.1428423190949726,3.6161118595353026,3.535820348650265,2.9602756866593958,3.4536675454049823,inf,3.43685345737648,3.206640300725854,3.4014422852481334,3.485973415778932,3.3940871142314153,3.2452105656092782,3.3642236733800175,inf,2.9496832092338563
reference_158,4.925941849350255,3.869196860672232,3.512805059430174,3.1599221999881815,3.7208413099851696,3.384305919638176,2.882450027075555,3.5254470912804026,3.236608630740703,3.364832779724705,3.2887720244315,3.752597135574658,3.662408709204237,3.4268441223777537,3.483660909172333,inf,3.6041570202471025,3.1812885851344435,3.477470930532196,3.4204542837378975,3.4814336689877035,3.2685349180758534,3.3755775323390638,inf,3.54185713689661
reference_159,4.743137030361055,3.6112494810276616,3.2420699556505093,3.3320473024729504,3.4634780969153347,3.0595623766653866,2.793020478870002,3.2634121165713794,2.8636969808380774,3.3429178419676897,3.183570766753688,3.5304790802551747,3.4220754132779545,3.278771638857894,3.341910752383183,inf,3.2967731111825778,2.7337224717877957,3.2358318446541934,3.3714721804193704,3.2317499764523716,3.1683723258785714,3.3216248918781135,inf,2.8487786432504536
reference_160,5.149277048401309,3.980479977064133,3.576435767051452,3.716146568255544,3.9045684164336296,3.250992975952495,3.3476674222720004,3.6151574289151074,3.3558335027183683,3.482490686839879,3.657527383943133,3.856227588728156,3.782697224533557,3.5205072844537857,3.576796782147885,inf,3.665795247470451,3.3320416335178122,3.6369662141393464,3.575499843459482,3.630622852238111,3.4030438589125525,3.461407228308082,inf,2.9676843827802655
reference_161,4.383063233061625,3.844843306166858,3.089894726215656,3.671673888551874,2.94384243536378,3.4366764458726626,3.3017639944199857,2.813241979964796,3.276558902198664,3.4743292524523293,2.849135277062594,3.0584819103979046,3.110232151126143,3.6359066071574917,3.4942640717677,inf,2.854698566325687,3.356238144342573,2.9196749688270365,3.302434052846386,3.160828846946333,3.444991298499734,3.4562725228035287,inf,3.1414057000122235
reference_162,4.797367642129719,3.6138012942819002,3.3145718942357996,3.4022897576313613,3.198767172470943,3.161817374184966,2.8572835813436055,3.264775921485245,3.0884973245423355,3.4459056641343833,3.3096168363840914,3.5700566833153933,3.5510699849672203,3.362562452154875,3.324937102438152,inf,3.3002627740790844,3.0718928556516807,3.300067213634483,3.430259480178591,3.3438218774031605,3.139582596281174,3.4034718450496197,inf,3.2598413779237037
reference_163,5.012022409407806,3.9357477351526025,3.2216940949170434,3.082814828722358,3.2034116079538135,3.403500795272589,3.211986321031061,3.608299177476883,3.150386826794983,3.514515789657235,3.455990286341732,3.8064616873776917,3.2948987808214194,3.0538448382926706,3.5819898937574384,inf,3.6690760395169257,2.791756194775453,3.205782514422121,3.2262028372657645,3.552367011151355,3.4318642983656655,3.0152170213819742,inf,3.10729601744957
reference_164,4.980827912296414,3.7637604919701815,3.3405286140274812,3.4750692553438247,3.718239534048454,3.2565352332623005,3.0496858402840106,3.4791637377761004,3.1422922387834293,3.4531659124243856,3.42871093159732,3.6472238719956414,3.7034851833991884,3.313212329378933,3.4059539741558433,inf,3.5175603668843505,2.7705977492069094,3.461061840027294,3.5235094752696337,3.4415593476271686,3.1604521329946267,3.466104113417119,inf,3.288647649107278
reference_165,4.8939230123121265,3.712343233846283,3.489023312714841,3.623174546588361,3.7118876292175105,3.381838281674981,3.320865315217236,3.420014432960022,3.2812809220808443,3.4140753029888153,3.5025132030140123,3.7082229293572393,3.802080970683385,3.4449216511746528,3.341156346795654,inf,3.4252579079553964,3.2360945628094107,3.5765626303852334,3.4914577491443484,3.571088827819962,3.4145710870179076,3.4208147200819012,inf,3.5632242736818314
reference_166,4.959498226358214,3.7930638037640154,3.1082790039407553,3.3747371365354173,3.6919167908254735,3.2480195592906145,2.6577476376970903,3.4131989565027268,2.5747865467834004,3.380937302290444,3.2054743856332744,3.50174292165723,3.421275000215762,3.065314430534334,3.410487704914232,inf,3.441040190383902,3.054431463902391,3.4496697152441205,3.3679948184969355,3.4208614211573116,3.03246765541275,3.2953545468114487,inf,2.880118869663826
reference_167,4.986255333996059,3.8162336499850276,3.3815441981967655,3.4666465395992403,3.750059771332628,3.3001528730068093,3.2007407045282648,3.4953785457350617,3.172516104294896,3.4950648811764364,3.481391527009826,3.5772395401737174,3.7217518542563908,3.3463976222069984,3.4394838701510433,inf,3.516507321262062,3.199724109687399,3.48978650516635,3.4827886447053187,3.4911331443715037,3.3174166615266727,3.405493684915543,inf,3.3096862272351264
reference_168,4.741711469482422,3.617868180130005,3.269049034841782,3.282639789191723,3.5026639000030273,3.115844575317204,2.9066849211503905,3.257170461129379,2.8673502603475653,3.26457255963707,3.2734876702278997,3.3146992219475946,3.508341554101563,3.184864606546402,3.206550915311146,inf,3.344960173180771,2.9507857278044365,3.189340067607838,3.288300388992276,3.262338476543677,3.293616819606632,3.268471075332463,inf,3.0002284571514135
reference_169,4.955389526127763,3.8562575659522627,3.327460931483967,3.461898472330702,3.7097057561205893,3.0399996476187394,2.789949431702032,3.4491040627690115,2.696819968380692,3.457130972195123,3.348853610719411,3.639439214591925,3.5937094038986017,3.3450509985662755,3.3897668103970027,inf,3.459152012531895,2.966744768152468,3.425397721543142,3.4900596176791314,3.314242323559428,3.3422409545750718,3.3931556717635183,inf,3.1293402123923815
reference_170,5.016248026611759,3.926845749023365,3.515774598573968,3.6925746607269083,3.733327961597167,3.1074601966089856,2.8826993736061444,3.5615910484493396,3.161851802760207,3.5733330589203143,3.5353366042918384,3.836285780761169,3.5385741240456836,3.442113618068101,3.4775708187313943,inf,3.5404324570857457,3.0197076347789165,3.548362739113253,3.592221075366095,3.5285365908376547,3.287937394354544,3.516064448322771,inf,3.228705420593356
reference_171,4.929909920691733,3.760962245282196,3.3791993801837963,3.028465015178558,3.6277773260351105,2.7697367334913867,2.9667236782463946,3.3391298581337736,2.8114414215470798,3.2879098126501556,3.1427553218511797,3.5980964990565423,3.659201671682668,3.3637660463244075,3.2509574207840077,inf,3.4580290493105044,2.6797533238018665,3.348993832386398,3.337617812034967,3.3442341449965407,3.318306353416761,3.282900401792212,inf,3.337382673327119
reference_172,5.0519114993870256,3.953019867261887,3.4737292887123146,3.6661315890362265,3.91395462605477,3.499649493599951,3.330950187568623,3.498720095399022,3.3864284179913176,3.4587696476762293,3.646019021657344,3.8345794270956817,3.8396976800978186,3.4976139002426265,3.3968532253591537,inf,3.643492259556055,3.3482600390056363,3.4170309869735687,3.5651534464887997,3.466062001780457,3.5924734311038318,3.4522144727911948,inf,3.6126508215042117
reference_173,4.983192445773125,3.8072516220119,3.4593201441386365,3.61145673275553,3.666262066409025,3.2664820901213285,3.265818252531201,3.513891313597226,3.1665161707223883,3.3240941100296975,3.5160779970592486,3.682056964097622,3.608583050901318,3.431314750232148,3.5012887297534943,inf,3.5266873711970326,3.226723082565551,3.501949727375502,3.4988807544935283,3.4491787083022225,3.181062544788798,3.3413347547725674,inf,3.1959676665462973
reference_174,4.783324045246306,3.64884136981712,3.3545950976873162,3.46220996256741,3.595099850002665,3.1197972759603076,3.0578904357875434,3.253082083420526,3.02351115585763,3.3414391904773524,3.3857162771162748,3.6411051808685992,3.6131744225034166,3.315187146781384,3.2144990550473564,inf,3.4056340982880404,2.8900537141935105,3.314671235430111,3.406599482179985,3.2846074777441614,3.197107710581249,3.3446515933579257,inf,3.304620344787497
reference_175,5.139079172953034,4.0831094457017185,3.6167641065474285,3.7817691169380665,3.8812183173763457,3.5165248479101776,3.432816836293427,3.712330352424574,3.3751375683122915,3.458613752920151,3.7123737067472007,3.9089795191490877,3.8325240948540698,3.638672650701785,3.706137662128449,inf,3.7560965165250777,3.420037592254725,3.678640161369585,3.6771627650729086,3.7052269702352554,3.526653676865707,3.5302308948467256,inf,3.398011547165823
reference_176,4.937578265655326,3.8315759583571913,3.209749028829106,3.4507797006145475,3.7034505748870887,3.251862737408733,3.145307081263274,3.481121663880634,3.1310137138102565,3.4678639102436546,3.439484098934316,3.744458927269863,3.6175628957456594,3.3457987572971817,3.4374735292459486,inf,3.5478633982905388,2.6469819263540537,3.4956014494956134,3.518200401885388,3.459031157286425,3.140918468439911,3.3942276032541154,inf,3.17808534452076
reference_177,4.846248175524902,3.764366460064888,3.0584727119485047,3.4431283373412493,3.5467552149024812,3.1197992087975974,3.0924282649179924,3.340063822849727,3.08552839337138,3.354156106699657,3.3351299034711026,3.641406949575872,3.625452042734528,2.9784206788698793,3.2737903715187073,inf,3.415087567437029,3.0683122501608215,3.390813367222797,3.4031641984362766,3.326241932280741,3.3126504846312077,3.3542599700481888,inf,3.208157994800997
reference_178,4.995640781546497,3.914845470136452,3.487205550447825,3.6051051929570677,3.7721917813816934,3.3566911518276217,3.2215684564649405,3.515673231637549,3.289754078487415,3.3162389761414293,3.527959699972982,3.767857475003086,3.6548309197645668,3.446338108068824,3.4414805903835295,inf,3.5978924117038367,3.28555538502208,3.5284197835986024,3.491528931486555,3.4999663185128544,3.402374884976189,3.4294762407744646,inf,3.3264368624810223
reference_179,5.205000457574273,4.147082092749525,3.67729044164701,3.7550823402661924,4.006384038242208,3.734660163765371,3.575656094898495,3.7873430744698773,3.5476564382218676,3.582459458194733,3.8304825544872565,4.0254252618664745,3.9201190588096617,3.6785330359340436,3.7877266100749973,inf,3.9324476259138827,3.645190960871416,3.903874939277144,3.7821189752034265,3.844709958622522,3.6359062661884387,3.6779627058444984,inf,3.505162764157247
reference_180,5.073054824044704,4.073722657066345,3.6734506933719877,3.7643201355457307,3.9273393020295693,3.620902950559735,3.5210226217946134,3.656034047973275,3.496135042848159,3.3817524725151062,3.7409648276388454,3.8708733586188377,3.8548970169759755,3.61652667063117,3.60451916281128,inf,3.7930291198003294,3.475141748981162,3.7945611632305094,3.699367982507202,3.747751425946193,3.5475024213599355,3.5227162889780996,inf,3.5794975820903785
reference_181,5.056299370798175,3.8908850369248267,3.5463871769774493,3.6169696140639505,3.6077871661707754,3.311571779639307,3.14879128322331,3.469167001647931,3.2047659654030585,3.4365862823689737,3.5017109468901166,3.7647479363824696,3.762522796150218,3.489895964893261,3.379657597809538,inf,3.566641956332655,3.2507628320559196,3.5170799246879625,3.4590811990186054,3.463635543166266,3.2954479969649286,3.4299169445010413,inf,3.377579225281119
reference_182,4.868843078613281,3.9293255210101607,3.644017777962472,3.739264870899439,3.8612980948421938,3.505307201559037,3.4111862747067314,3.577109796798706,3.423984546527124,3.573291711270809,3.665978021112805,3.8881269136937546,3.9519785794876103,3.588328036213994,3.5015452312405584,inf,3.704624188422203,3.3170300926922316,3.7051166571518794,3.690537010200903,3.6424920951640103,3.5703514910348955,3.602649344958365,inf,3.674291828455353
reference_183,5.013635179852878,3.838486148168661,3.368762023055951,3.459571023918246,3.738269636956262,3.1683081670023294,3.1903325561212554,3.485052967632478,3.1931351006061743,3.492013813958056,3.445931620841189,3.7687620025318136,3.786682337166155,3.2850160955887233,3.368064747371266,inf,3.4904800089107324,2.815763214536784,3.5486294095066033,3.571755413233411,3.5313176507526953,3.0337869266768145,3.4370168903968006,inf,3.261510445828631
reference_184,4.934473089636322,3.795160486959072,3.4119545354578293,3.449864001347207,3.66920105671985,3.2578769550857536,3.1369881810847917,3.3781603140154637,3.0730598518343566,3.34397626652641,3.3446952480173064,3.626783620010621,3.630355280864652,3.4128472295149375,3.343907596171112,inf,3.4498662762345242,2.983311988840917,3.417550617329242,3.3949417286706285,3.404660615238917,3.2836163132809575,3.352283055272103,inf,3.311738197909494
reference_185,4.84249078279101,3.7660090885046538,3.3741818278889504,3.45658083542606,3.639128242500348,3.231548603723693,3.1528939770007973,3.3657204926671453,3.0663238883735167,3.4426797583829987,3.397427383508221,3.6689096412831685,3.6735525116088907,3.36680546596828,3.3798821535349743,inf,3.3557514445261565,3.135660646665651,3.4022103645933934,3.4543976123356077,3.3874353099712584,3.0490634625771036,3.4195815178648505,inf,3.2033284996697025
reference_186,5.050204851724744,3.9630521627333164,3.6502199745513204,3.787182402305603,3.970158761174574,3.4668796805838347,3.3087001001530916,3.6267826582002045,3.391985517518809,3.626814922206879,3.654848088323509,3.895846264214889,3.8936480932526836,3.6302400026459694,3.659271428404236,inf,3.6828495425631407,3.306327823632328,3.716840756802457,3.754310210124435,3.657864931124516,3.4226255493645383,3.6538498960533143,inf,3.4412052222178224
reference_187,5.037249618961317,3.8258200251899837,2.966460007913445,3.5498389041880243,3.80402296710383,3.400109191388183,3.1335680656251435,3.5445775640184918,3.265566633019905,3.509663463904795,3.530947792562143,3.8145853643885803,3.823406908747551,3.1202285452630654,3.496743308132464,inf,3.5501373480130742,3.231106634749316,3.5894689533718473,3.554598128842414,3.4908213020179577,3.4313272730892344,3.492114862776237,inf,3.170920045105217
reference_188,5.159028746650028,4.097152602467561,3.9006963534721377,4.037446412891328,4.129169497125251,3.8394237052950384,3.726229340823716,3.810310031814766,3.740911431686601,3.9438725574438807,3.9676142161783967,4.091538091889417,4.165473003172875,3.9262631363766314,3.858170628919029,inf,3.9615367450763226,3.6990247486346997,3.751248958526202,3.9979735603098883,3.8336744075907236,3.8320508733211263,3.904637226222419,inf,3.947795723526097
reference_189,5.057222272339491,3.972327078528156,3.530923673355664,3.689435989486396,3.8578098156936957,3.4001723234597843,3.1772321370320684,3.6261162943785523,3.3182188739904643,3.4535316793154633,3.6683352951285126,3.7958032898529157,3.843971197185795,3.5035503032253152,3.5926613567326835,inf,3.6412060012810126,3.22506479275976,3.498724313156064,3.4788454213805458,3.4999731666013814,3.3880712158834236,3.468855019637291,inf,3.5084081041243413
reference_190,4.990297625206417,3.8905162732034384,3.547030200113208,3.641090873123581,3.8661638723313847,3.45184776264594,3.311150514885301,3.571975354019127,3.1412929328535393,3.5395176149459173,3.5727214361073796,3.8191040362092306,3.855746142807862,3.534834940188849,3.569618001982114,inf,3.6108993725566747,3.1583410979697053,3.407120068684261,3.603919672370736,3.5084994803651375,3.4879698587637398,3.5439221107196603,inf,3.55062315818881
reference_191,5.039324754089356,3.894310431397319,3.5688825400403084,3.659461761476159,3.874160231521361,3.4917627391585113,3.3318469276187965,3.5592872271008495,3.338737600815667,3.6091399076583386,3.636931809501088,3.878439665737388,3.907966051996232,3.5174977972984314,3.4360004542146445,inf,3.5781520052428246,3.322658099686402,3.638942145089202,3.6162064403202048,3.56379646043608,3.5731228771596033,3.586385732637227,inf,3.5606674702398777
reference_192,5.137451108020021,4.037423322119797,3.6937561837095343,3.722700147546806,3.899980805757961,3.170278440348318,3.416775237706752,3.6383365122177778,3.2949521180117336,3.4432356769302155,3.5565479720093895,3.932741599892924,3.678788112587502,3.62718448980008,3.539211377293231,inf,3.694183939901515,2.946848780402188,3.6905620462453355,3.666320547525494,3.6216844817765366,3.6078104483908495,3.4563416912146474,inf,3.5247804103027485
reference_193,4.9230574604033155,3.8737626500563196,3.5361006316584676,3.607929968025662,3.7198034468601353,3.247125794721118,3.24775884552811,3.5496313108175843,3.058736492600944,3.5302017420435003,3.5044315367135406,3.7763254146589142,3.640857939018028,3.4748069181439614,3.5311815378141547,inf,3.577616574454867,3.1218031789212732,3.578225898762283,3.5880987649906957,3.506909866858431,3.315752083192146,3.50911849773783,inf,2.8607635237159115
reference_194,5.153420767797232,4.048019864216029,3.6048763022088934,3.5066360432440047,3.970092045318625,3.4687208188502785,3.279898569796663,3.220620176433921,3.089048809887333,3.0382523485827444,3.3855315745122354,3.533074160022165,3.4581473426181804,3.499052250080466,3.232575747361422,inf,3.8462531404892206,3.337947186788587,3.34067968508883,3.2405772031827746,3.539648606291191,3.4795404459464963,3.0388414522099496,inf,2.890827558075965
reference_195,5.0234822744851115,3.8661786104335785,3.5226020463007566,3.4915337905098793,3.852251135676909,3.4167747155645194,3.3203993524953352,3.5442601329088212,3.0087615993674834,3.519043249694109,3.4930025087358323,3.7678118532677156,3.774995482414818,3.4431646436626018,3.457415413159275,inf,3.63098162954247,3.062112318994294,3.5802970462656365,3.5848053623303717,3.459613930935415,3.503135230252882,3.524579909202337,inf,3.5049099901883607
reference_196,4.987835729775192,3.8517415510355404,3.374532381385912,3.1022726583086495,3.6377078335590105,2.9777787772768733,3.020904278775293,3.4583782274612895,2.9068460541409173,3.300759432186357,3.085958784237617,3.6087464489814147,3.3505767396611166,3.358614911852976,3.4125852768809373,inf,3.4944268323427705,1.4491797273075269,3.392848539244079,3.3014206346104498,3.4810876227833414,3.2050021825472856,3.291829842496315,inf,3.1001051319823776
reference_197,5.0225257615180015,3.9547121880130764,3.4602971592347256,3.409965453301311,3.692259909898678,3.366990449130535,3.1607675114733063,3.602411286817312,2.9330569203739367,3.5165016901931763,3.5444731437059986,3.8558895227002252,3.3085777891064647,3.422192750425279,3.609473456299305,inf,3.7228602276074882,3.067169428166807,3.674456070669331,3.611678419345215,3.68673469806423,3.492619614448979,3.3613284298324584,inf,3.30959602706945
reference_198,4.929490356157422,3.6917529678885934,2.9785557732778836,3.4289679164367914,3.590416359726875,3.1632362187734246,3.107319042935296,3.3122384240192178,3.0502487232173094,3.316346612545609,3.390511475751125,3.641562642721844,3.6181715363683704,2.8431720552663804,3.2139182193628546,inf,3.2356005172005298,2.9834583755472317,3.345770362314713,3.3026506484521625,3.317869147056957,3.2514503366124283,3.3110047447396513,inf,3.2249974581916336
reference_199,5.235639119257301,4.088099292438386,3.660942711505085,3.8457429874522613,4.018636273555996,3.547385652264874,3.455187393756959,3.6078810394929994,3.448515066277351,3.503760379424193,3.632257637271924,3.860529321848762,3.946787158358133,3.46825049281834,3.486375486055508,inf,3.6168604399702646,3.4405896268465597,3.7744366142664267,3.7593386513475164,3.7135406447861286,3.7134319238663167,3.4428726840991573,inf,3.6296972416358786
reference_200,5.038728110551835,3.812517634432555,3.0432583480436604,3.389120191455794,3.7972943912916133,3.2684431780668266,2.9904965845333273,3.472963034591079,2.838031448464192,3.370195757913208,3.5360200605685037,3.5250722795648435,3.3810464493322367,2.941657453813541,3.434717215824128,inf,3.5422457446759945,3.1601183691117183,3.4771899864105045,3.4376026448398993,3.480464420481109,3.4120077910383997,3.2523281187927244,inf,3.326876196628332
reference_201,4.994816593061978,3.9129233695690893,3.3320612524113398,3.4355011223811642,3.5513039564544195,3.447296306615519,2.8262896685106247,3.4807180062968297,3.275802882969594,3.397477924019095,3.244615666142503,3.717160543262306,3.490111229264743,3.227745834149623,3.471021628609987,inf,3.534471502351115,3.1699339458670828,3.5560178892268457,3.217941329763348,3.5633960694508344,3.432734433373852,3.4081362970082187,inf,3.3432971628036063
reference_202,5.060729200722963,3.9794454753305364,2.920156682927078,3.1187256623489668,3.709142822101172,3.47796346849717,3.158075858983312,3.495989489878365,3.247776781639853,3.447782545311285,3.345706076522679,3.800196625521752,3.6658172554046997,2.9023024530453227,3.435619033276964,inf,3.58481450788972,3.221804467437855,3.611507406042031,3.4864986338221526,3.598683373571157,3.470879803761298,3.158380201646646,inf,3.254517226648798
reference_203,5.155601351313354,4.033782469427674,3.5673061780765547,3.339649008586563,3.9461561428057754,3.547459414292111,3.238741311545826,3.6297526701820444,2.286532618901692,3.54275658343364,3.5653199347482634,3.8444441907597544,3.1282693730079156,3.4543146719756797,3.604267724156774,inf,3.704977686158377,2.871693171983605,3.595069575773936,3.5762661755174676,3.6762086620489,3.5980622442240526,3.3875828335749025,inf,3.053777742812947
reference_204,4.99128273577561,3.881875888599904,3.416503267546739,3.500401492814929,3.7002761534656794,2.451403712913823,2.9226131132598443,3.3945014649211322,2.5868983921444753,3.473181496339034,3.444756128184207,3.7291591746687116,3.6133373794407775,3.372707636881344,3.3635833054743256,inf,3.536717418230788,3.0726388897699195,3.5288314169889463,3.48504626969972,3.522462747005094,3.271215886125128,3.452493495285604,inf,2.2869028186603404
reference_205,4.984909001587629,3.879718408545256,3.355894972199501,3.4293524547843037,3.4816816556614807,3.4279745383728146,3.0325103088675536,3.498626325126886,2.2733795243790103,3.5391517929604053,3.1564407638433276,3.7305214063247316,3.2236984857244493,3.395563008418977,3.5293252939626574,inf,3.540902402164936,3.1897289739272523,3.491111123521992,3.251091740825774,3.2640291615042574,3.152000371043056,3.4205607668758926,inf,3.355165761907507
reference_206,5.109832510756752,3.9462758573845305,3.519881939991338,3.758032639781641,3.8299403304648183,3.524690016005816,3.4108243665046762,3.625609232810249,3.357518417325549,3.5967227289210157,3.6354031387277033,3.8618491375309842,3.843069352220097,3.4691404029284527,3.5973057197399054,inf,3.7447045618642907,3.3882706367405637,3.7551129544158255,3.711699440008387,3.6121017977224543,3.431319761642519,3.593643144073671,inf,3.1587847405467517
reference_207,5.099187159547806,3.8709936822834017,3.683505099300935,3.874131745382309,3.841878908447133,3.462051169627905,3.531761698260437,3.69349457927227,3.3413706325116843,3.7226510493427516,3.717847191590655,3.8821517741576157,3.8257313649616247,3.671832481288195,3.7102056855119465,inf,3.7481306303071973,3.3647642923513557,3.769356826473901,3.782764292387289,3.6917348038597724,3.7120671748863723,3.7403602168509362,inf,3.451448554232121
reference_208,5.045573491983604,3.9265883885475152,3.5041379395491368,3.7244978529302357,3.860638489098207,3.232804485371017,3.4481936491311265,3.6124137421061757,3.3615223262848453,3.6586581481340406,3.552255782819398,3.8262960253466156,3.640850910397053,3.3854006661356926,3.493599663757706,inf,3.617100026106334,2.976130352902626,3.6470624960434974,3.6888994386670038,3.665874525249338,3.556737614309704,3.64986541342926,inf,3.5001481456596375
reference_209,5.062787871823535,3.9454947471587656,3.230373965235949,3.590435288822121,3.845315817361729,3.4183469486997926,3.356000326387586,3.182751753353418,3.325660353160151,3.536827872472808,3.5965868737424667,3.8014626945046803,3.833844692869155,3.299529382352215,3.1012924779064415,inf,3.538589699814693,3.3659113271403585,3.573492424990163,3.534502296296211,3.580209240467102,3.504630722730627,3.549348246860742,inf,3.5528737278327034
reference_210,4.963260910028577,3.7923685017932653,3.450566404288107,3.604714633621216,3.6949209607898514,3.3789798162065745,3.2138079164723568,3.437498977617264,3.251365030858012,3.464288521840811,3.520749309914382,3.7389852953112768,3.7776599951818715,3.3994588017811775,3.3370454484251977,inf,3.5411757522819043,3.185734000748838,3.511180132484329,3.492885991948673,3.4161066428424793,3.429097267520271,3.465675823426962,inf,3.51013277221818
reference_211,4.990023564407693,3.7582393996720973,3.2470812575314945,3.513175081219741,3.778100456508714,3.4168241391269842,3.2861172294816323,3.442002075049229,3.265526917558513,3.5325638007765905,3.5548043838658376,3.7572580778609326,3.758813669909173,3.460521019059379,3.4704327368475854,inf,3.502373744592121,3.2244989833425053,3.486222596531933,3.569979460912807,3.4403894320467647,3.486323854046791,3.53395802561831,inf,3.5104987772558496
