ref,citation_0,citation_1,citation_2,citation_3,citation_4,citation_5,citation_6,citation_7,citation_8,citation_9,citation_10,citation_11,citation_12
reference_0,4.113067940547153,3.7519497538462763,3.015541477003473,4.2364100777066165,3.361555257055304,3.7275261206961576,3.4742654072350705,3.3342859807327874,3.9911367812619933,3.9964835510674246,3.8181072376994036,3.616287294439007,3.495732602998887
reference_1,4.037318923146314,3.710509368203607,3.7539355646301176,4.099229687780494,3.6311450534551435,3.5754844333078646,3.6676969998446616,3.5537458207883996,3.8981106214712273,3.904569559951487,3.7001793590020977,3.4179549467806916,3.481035474210009
reference_2,4.131045230129157,3.861218655742665,3.37574871856711,4.231045314035569,3.438231130745599,3.6241078334773773,3.236844771833011,2.997810650237008,3.999218167885258,3.9151079476919164,3.8028408305080323,3.4779637288922745,3.4750024698837825
reference_3,4.065364236021162,3.726583799277956,3.704893198016049,4.043535458916424,3.567900488886189,3.5217400777278987,3.707695643094215,3.622729655119064,3.668799016618295,3.9155758244195678,3.4881040775914025,3.2784694100746017,3.516414805832739
reference_4,4.056731758881961,3.8038547335373165,3.677033619756341,4.105497471721634,3.692601370368227,3.6414549853779974,3.3550608670893918,3.4104465510870225,4.012013654682502,3.9356444338183807,3.8042992560470106,3.475501790089085,3.558577090966106
reference_5,4.040104675029786,3.9137278638673783,4.160894747210932,4.1949693559778165,3.568559773249824,3.7054787431669634,3.8357816282811887,3.780596850717272,3.9621249290821674,3.958327846836198,3.787081587314606,3.578797022097732,3.6034783872227427
reference_6,3.6096247049722776,3.3274517920903435,3.53092735735767,3.6581750157830832,3.2649165983498714,3.1490483853463744,3.238034500849741,3.499015433937221,3.4781116545744326,3.38369209050784,3.2581165031530492,3.45421001911978,2.9751248070860483
reference_7,4.035240508636035,3.712893580358326,3.189656314054012,4.079751119090243,3.570672677003707,3.5136798267638385,3.3673014744642735,3.328265912079497,3.8593328898693953,3.7994940884391237,3.6464947112181183,3.352087087184424,3.3403660087917566
reference_8,4.11149992642389,3.762993610712625,3.679979500418258,4.171921402941675,3.709882626877979,3.6978238729290718,3.4525411973240985,3.6337045211194288,3.9209949812723703,3.886544447987266,3.7235519589828296,3.440105598672542,3.504325983174182
reference_9,4.112582435861789,3.7622540647840617,4.001528739185262,4.115304953240585,3.777565333965245,3.727324175012718,3.7539480472471354,3.795675742577107,3.9846905940885833,3.971431316339127,3.8013200074273943,3.556811056624225,3.5037695949349996
reference_10,4.100987539740189,3.7964944680737434,4.01588793896364,4.183542982608331,3.5802270216691396,3.602495650844671,3.7204843483803733,3.621480408566656,3.9949771688640574,3.8841004494405564,3.7882717509692103,3.395551148608488,3.483353933904878
reference_11,3.9625206787709146,3.7143267703145026,3.912684553433102,4.099890345131844,3.5854139678464576,3.5235572155262895,3.606205129490638,3.552640071171195,3.8445600284635137,3.7893372726414705,3.623627944107294,3.352762498107591,3.3069143098430516
reference_12,4.0209562696165415,3.6828859673180583,3.2874380230004316,4.051899013114739,3.5972325389020936,3.5853360280644027,3.538777778438186,3.56097367248252,3.8914225886889544,3.8296456725210994,3.679969579446173,3.336357885144891,3.380011304966641
reference_13,3.9898020900812328,3.6912282715205813,3.7809073418560635,4.0924943149772846,3.332507689710622,3.5100178222498863,3.5652979552204087,3.3329164409277054,3.7891175403484993,3.787281248070754,3.5265886425976536,3.327355873409478,3.3319170010221826
reference_14,3.9171168917837007,3.6536870714434624,3.6020771660481454,4.039872373714061,3.5648285406232882,3.5569762574942194,3.6658152298774245,3.569537919815485,3.7483280347870855,3.7152672449767663,3.55143426006341,3.331498329787258,3.3624116602352148
reference_15,4.553104999212096,4.105224895871722,2.4737888558522503,4.443282928867817,3.776028719675038,4.141875391833399,3.9127153419289025,3.7727036905337465,4.35974248663911,4.25043621028437,4.212404235739886,4.014788165705764,4.017889953010836
reference_16,4.1777521950175505,3.7509572701681853,3.157447914729595,4.156272239251122,3.7836267122676754,3.581634882205327,3.7773223120061163,3.7184414496736893,3.928587285050798,3.876535863403154,3.678451147241592,3.50636037531684,3.5706807780958414
reference_17,3.3549935193915954,2.972965754134369,3.2257843193035125,2.5855763570924344,3.5481717775238915,3.249690156582964,3.6421855336192137,4.224659329636484,2.3803829155429463,2.1712465832109733,2.7165997979682923,3.9424953195970556,2.6668660029464726
reference_18,3.8919476767415895,3.6954550658204477,3.9084558697057052,4.0173206275259306,3.5427036726714456,3.5400852347256966,3.5726591977096778,3.8143095797654283,3.8206273668071455,3.675856333042227,3.6105051798551298,3.5585567486322645,3.2974450296708158
reference_19,4.212075282225353,3.9622448157895396,4.210762568657778,4.260762371944543,3.8670010755983983,3.824533132396985,3.857432410564328,3.8354081431309224,4.07168226032818,3.960106146680074,3.816355721398383,3.6709150212547184,3.611646691801236
reference_20,4.175651776754136,4.034964376254042,4.221017360193692,4.343397991253587,3.8982000980038314,3.826519728213734,3.893164002845092,3.9133721378056663,4.121517026352083,4.003518993381303,3.8927127036348526,3.7174150085895654,3.6296654493744565
reference_21,4.2103604891249935,3.9655838008065225,4.105296877245141,4.350027695055995,3.9267721511271514,3.7871216067607976,3.915456894095706,3.932302673271294,4.036910274782912,4.023844662601072,3.8653700293868303,3.6911167784172476,3.6075696814006806
reference_22,4.17373322966544,4.044337460441048,4.177808354945933,4.326428202851638,3.8831511486844006,3.856909498747276,3.9245615354071552,3.9012548194527086,4.142616340894421,4.006143236751388,3.9140161966143494,3.700500867389282,3.631553901010275
reference_23,4.16135148405398,3.995287441941785,4.152818002635542,4.334661750743067,3.867638833591388,3.814735137158773,3.9008379627762357,3.856597760214699,4.09060459841368,4.0173307368835935,3.866501957030178,3.696643534739185,3.6364100199161973
reference_24,4.153914968670175,3.1002035817260745,3.331225624145508,4.066912658740032,3.678273551062339,3.1585177951793613,3.7427630677368167,3.7424199473317037,4.006522243900622,3.9964646029508275,3.8345406711364745,3.55243988559008,3.5037099076904297
reference_25,4.001860778526625,3.7166098395210736,4.087334591824054,4.192707077378344,3.7905185414058726,3.6649602292574373,3.8722935112180235,3.843238551340353,3.9563608666578896,3.953730976113331,3.7870302445039745,3.6705958768322233,3.5662897296014306
reference_26,3.9323927250346378,3.642225185304825,3.801741056054106,3.9707798267550483,3.496873909456204,3.4204585699972436,3.4994530527868806,3.302645237578149,3.6782993833509448,3.6436929886946055,3.4856693434462733,3.2986228151855825,3.2941490942368272
reference_27,3.9137331072527846,3.6361211868038006,3.5083901186128545,4.141601276724392,3.5603755102358394,3.4878073392417077,3.58684111346719,3.4613439014323264,3.7630652665388356,3.7817471378354335,3.550046357051282,3.231675104643667,3.202377446690168
reference_28,4.0304905413683105,3.790569295825101,3.1217440946000297,4.124329002027125,3.2538232205926563,3.5703775833366187,3.2942416887436443,3.0687747767076217,3.950126168164651,3.9096477882433245,3.759669518732605,3.3771007511017808,3.329456426215546
reference_29,3.8788194974287102,3.6469507823093417,3.859460846349335,3.955259826258692,3.4706597119043505,3.5145129653465053,3.5784113443412786,3.624288741887661,3.5466468763705135,3.388605772325581,3.172650067018509,3.2939863214603937,3.2822105992183688
reference_30,4.068615719456581,3.4780441776282576,3.984114665339621,4.0412584328419685,3.7046174027264542,3.61397926363893,3.82471782667362,3.859948676910342,3.917677817092991,3.8762684118903605,3.7454985825218094,3.542536648608836,3.48611198728526
reference_31,4.104462714558964,3.865036314991569,4.1294005430876055,3.8968560394142746,3.7053160350898695,3.60638627678565,3.8435338358173206,3.7646762833164873,3.4899951281994586,3.9118255049392925,3.4400317947171812,3.393179897297804,3.5308659594230907
reference_32,4.240250025256968,3.8324167752595755,3.3482846146097343,4.1045527000191155,3.8841491651477775,3.684698669724031,3.8780352911568694,3.8927049621712984,3.8883302119767023,3.9237708024253775,3.7035756299107003,3.5419315477164477,3.563683881429448
reference_33,4.2087110781412616,3.9680681570097347,3.5013084971351796,4.313905198454127,3.3815178812665465,3.793620687229144,3.228729954035426,3.054950950432216,4.045853121305115,4.073746481484763,3.859649561749295,3.59443916956967,3.659254774730443
reference_34,4.312006372698523,4.0543675237142285,3.3256780353550095,4.378839983741182,3.4937804611094396,3.924854229692399,3.715273393568796,3.5263993948142134,4.171437119212892,4.165946659695575,4.027548403347039,3.833687338548502,3.8238475232097646
reference_35,4.12006506349641,3.7755617949555518,2.935003507084036,4.060475611595837,3.0951722426595696,3.5456167097201647,3.5016363699918873,3.3366865849975516,3.5560934705659726,3.9344875360924356,3.356887605260253,3.5038883892019337,3.5163161321285252
reference_36,3.9477060561646087,3.6198696103412487,3.6247714391549484,3.9828155012393625,3.2740159233209,3.476112553215126,3.2173484973115025,3.4436090187232042,3.807783514298719,3.743563370246876,3.634612099935471,3.6474472673181086,3.31820364007991
reference_37,4.070907376643919,3.7384002880533584,3.970258972962609,4.063895284260328,3.6273878420906582,3.6239702837493244,3.410047257137801,3.204098354642257,3.9134305431126184,3.769897592502105,3.701298375681536,3.430004023894087,3.4108488853478867
reference_38,4.023739265416738,3.752199194328308,3.989767519891024,4.087283393235657,3.534906696585332,3.5610182224943054,3.615516976379753,3.130166468517604,3.8633762499725894,3.812612464476022,3.648464095486999,3.3131199217578193,3.4109878961826565
reference_39,4.133294456763821,3.8308613390215873,3.728470689660448,4.2025861710898385,3.426304244755561,3.6876767880894588,3.410218697521055,2.899254541514395,3.9425154064113297,3.92667999880141,3.7650973506426215,3.467086829768621,3.5194810327795385
reference_40,4.350608881832806,3.984750596812391,3.6272462302808046,4.285482860000896,3.7226878491441777,3.934393780340189,3.420540040156389,3.2172020546255378,4.210770497762619,4.178183074205004,4.053047429115415,3.777896942153102,3.6412999931832073
reference_41,4.025745499415882,3.75062755406971,4.054930413438607,3.9875285393887454,3.609823983660016,3.116423695845124,3.576395749733735,3.547167486574841,3.739793401700471,3.6607458757761897,3.514510737253189,3.3719624638961414,3.339888586391831
reference_42,4.027820045409952,3.7072424764694785,3.854606867250067,4.056446231483062,3.5956474691403804,3.519127203973072,3.400782680373557,3.3868639986106905,3.8997799953701056,3.8408963426320555,3.706852807363176,3.2984729921319973,3.420275049188247
reference_43,inf,inf,inf,inf,inf,inf,inf,inf,inf,inf,inf,inf,inf
reference_44,4.07632770698139,3.8160955982856706,4.085509693082103,4.1053251424916075,3.5512302208780935,3.5646742846149055,3.4711442095323135,3.579912853590474,3.844662522168911,3.859028051209854,3.6755575289710944,3.3901461812043343,3.4368816816990533
reference_45,4.377478601464964,3.9911597411234334,3.8595767243388677,4.421316135148538,3.6939798868601263,3.92514095723577,3.0896921876746277,2.9396483437548095,3.756900865280967,4.2475096765797895,3.553755188325048,3.8696719377696898,3.8442792304494335
reference_46,4.424152486505584,4.116698919914294,4.409331028376436,4.178406509146424,3.9719508134829136,3.9814695599302357,3.4619821869842533,4.052320859544036,4.2244627657218174,4.146486645926943,4.0069684990621806,3.756816546273408,3.675799233934021
reference_47,4.237038576543128,3.946693642578167,3.7752361650301385,4.192625233848006,3.5195326705055847,3.8227783083366424,2.286248747250655,2.8489081233339903,4.099014385183424,4.1048385603537545,3.9506257596431147,3.5689915374472156,3.6349361593607687
reference_48,4.100975796202711,3.8215196245358,3.4953014907505997,4.125764144809458,3.2965741328504805,3.6830935653572903,3.1886573184755798,3.3927161457173054,3.9632006457599673,3.9043369107495796,3.795450976086402,3.4578267549762445,3.504398760198928
reference_49,4.061027489285891,3.7562119632130275,3.8637013394839936,4.114076595918445,3.360458095380935,3.6196816303770554,2.7686016526606188,3.1007409033066557,3.9468808424381345,3.8748384992885474,3.740457312936993,3.3986068478336335,3.4482705790111026
reference_50,4.451448754037989,4.122942141428089,3.886636682044601,4.46561503922741,3.7574619379920056,4.0600351843751765,3.1495661246583944,2.687548554312574,4.43277461531514,4.443519336424976,4.276439801982951,3.983860424649454,3.869401738320064
reference_51,4.059196544144512,3.710779113213648,4.054615000563702,4.025983287669762,3.606786985589323,3.5736922111288187,3.6575449030084264,3.60451199582272,3.8719370621905314,3.8233558849051055,3.681419687737594,3.3842797929966313,3.493548966314624
reference_52,4.196054477652664,3.7454722343115807,3.2734143602643013,4.156357790499455,3.7735310576286567,3.574807747741361,3.818960930129528,3.754870659320121,3.0958272478239,3.9137396941550913,2.9146554548728467,3.5572793371541933,3.594385515119791
reference_53,4.166377347944803,3.9827055944675234,3.1520667299985603,4.313178827153691,3.0468221629848378,3.8568693691802403,3.6263069770733773,3.415806149585442,4.1736038088158,4.1302013229918675,3.9714165214224413,3.700654557132208,3.686206291677369
reference_54,4.171919464313041,3.81343454784708,4.062667501066589,4.215953686579443,3.540596701291341,3.7695199826143866,3.834382265297699,3.8437433248515656,4.028848223498078,4.002450278670311,3.8953617267998455,3.6264706108344495,3.6204304571039203
reference_55,3.9282500933901012,3.7130847930828077,3.6803898790930725,4.082868623718555,3.3154559513984765,3.621202989645049,3.009046182620677,3.0957842361788677,3.8832919587225003,3.8891941025178807,3.696611090807464,3.4915708417669844,3.368222511690299
reference_56,3.989518603605935,3.6669075876322195,3.4704346060558753,4.125353102688691,3.609880593315649,3.5453581014110096,3.7003975989953797,3.589871161580494,3.8218322080605027,3.8215734992156505,3.6351182678806024,3.4700501549217897,3.416016806992324
reference_57,3.7434555244783563,3.687817159250737,3.1412203814445028,4.089652860099357,2.7476173797351207,3.6309286667735243,3.3826545050129413,3.329010255707296,3.885934638560907,3.8531241001978573,3.7088890875052933,3.4938480137264767,3.396450432738591
reference_58,3.6540347392360735,3.4077102577249163,2.859062020809192,3.673912866829804,2.836149419259876,2.950586542583323,3.1162879523384195,3.386791427416037,3.530787773010539,3.518115234185977,3.369345975644508,3.554907121619167,3.1255358424254127
reference_59,4.222444693391078,3.957843655743408,4.272763801260376,4.229205286034015,3.8722767800980704,3.7948354615432778,4.010462466786194,3.9018075348053376,3.945765179602172,4.053245778389776,3.8347939733047482,3.6909851043228996,3.678206484942627
reference_60,4.110219998270382,3.927452812575832,3.533545760188777,4.165118898331088,3.2765402355001885,3.530956839645501,3.262680294912273,2.86024964756876,4.086296360750235,3.9408638556357487,3.888300338026733,3.5750989863682032,3.5538298145641787
reference_61,3.9873703077068017,3.8047964333622315,3.2809828110855848,4.168338717373103,3.1059057289234913,3.482579195743193,3.0739487739357516,2.9974695834750014,3.9357718593989075,3.863902688670583,3.731235294334905,3.4267354411565702,3.432286897408656
reference_62,3.9737229662380167,3.7299360990710833,3.3023365318382525,4.138874383583846,3.145214417877564,3.5850845106123717,3.3423129406348875,2.9871854142202436,3.8375292381348522,3.835434393387887,3.6250901625445007,3.262710631274739,3.268830303131454
reference_63,3.7089339351037642,3.5583113270100117,3.7603010280670164,3.9011291382761772,3.400122231357128,3.3404051552326393,3.451062202253151,3.420016943224801,3.6411305837601664,3.5404204537330237,3.4148592265262603,3.0798708750443162,3.0383504079126835
reference_64,4.074058802982268,3.986811874594354,4.14743592440567,4.263475787156579,3.8480783587936584,3.8243988694022124,3.8838859273261073,3.861375506685451,4.062050038125818,3.8623548221060635,3.7645114688322545,3.7048275148027052,3.5529736423881055
reference_65,3.971049793581179,3.8515439342967985,3.985372758717918,4.134191657100204,3.827948254293804,3.7105507140158807,3.816421911201191,3.8437513646954953,3.9283333717173083,3.7900452589979365,3.715302657945585,3.660860961106486,3.3974604206846237
reference_66,3.9136697556513345,3.7563769787931443,3.8609632594379426,4.0952271240417755,3.685823765047252,3.622301864904484,3.691018631855774,3.6250686309990696,3.8820602950554637,3.707175863527882,3.587699985698938,3.4334336562973085,3.2774384347660064
reference_67,4.326475613499033,4.058003854447937,3.358042575438881,4.444880950611132,3.5305315457033646,4.008465227688428,3.7587635214830404,3.6147062972520003,4.2563167139544005,4.31151056696046,4.124877598296547,3.9650651216369415,3.833573889395142
reference_68,3.9403101832536422,3.852653324172974,4.004973655685425,4.086111672050269,3.59014756358942,3.642049784341467,3.7309219460449228,3.6445587447098307,3.94374717653776,3.8801442329894815,3.747057734203339,3.418833956087085,3.4249863129425053
reference_69,4.140480001911738,3.8979462026640057,3.3668175938866494,4.338033397435762,3.2444199429376774,3.6830696165346346,2.8780740644930365,2.8152443227922452,4.04417959080541,4.028023936608807,3.8454024844853283,3.6072505738495875,3.599630606588459
reference_70,4.050212781331476,3.76204465498724,4.011960698672676,4.153607187982821,3.670671895443101,3.6139070032995324,3.6848108294002535,3.3636379968581216,3.89019746967906,3.8498007081970718,3.6819289023735524,3.523249193695175,3.3277661139751435
reference_71,3.8684635605760738,3.6946486115466235,3.879893562535062,4.029626301383617,3.4014296965521456,3.573982405857744,3.268372074019624,3.359436475893072,3.8400433601502537,3.8508729961086416,3.6777748528818934,3.3909834088645954,3.3945632640877186
reference_72,3.783354469928603,3.6114430473574637,3.9565265296976087,3.848745604309985,3.4362837385238376,3.4443515123225343,3.5253915869144445,3.589396196277876,3.76260232721374,3.723869831778189,3.578689511768174,3.39777941721575,3.2734244154264447
reference_73,3.911782382393045,3.7281422593587465,4.032376504865129,4.063251632701837,3.5452417462718113,3.6314867753380926,3.6306654459946035,3.743055068759259,3.862476459831081,3.8424026266684757,3.6767965396851348,3.4596876009461246,3.456977771732459
reference_74,3.946941234710827,3.6075935049484666,3.9730609105057524,3.8259471692405786,3.5351793412946098,3.471694064072178,3.536196960703777,3.514364439492011,3.7317315221843477,3.729494577403307,3.537511722860036,3.376068419140076,2.8601666568941826
reference_75,4.079795707024771,3.818236122270298,3.5692304886410238,4.245240718410503,3.280573057315882,3.7119204527684255,3.465414189856482,3.4462316988205006,3.9511551083288854,3.901937716283187,3.699739068754721,3.59264509633613,3.5611212760153776
reference_76,3.973009735479625,3.741518489219666,3.9342351294183735,3.94597902026216,3.59631145338852,3.5944610015692127,3.634309425205231,3.718909422357489,3.9124793998963514,3.8682630542008756,3.7481394952106477,3.4043984700057637,3.425706875782967
reference_77,4.146682338354026,3.8313895393690376,4.060563665709968,4.019120019933966,3.6517095608504104,3.1734816688755663,3.2854982579368497,3.1989719948063966,3.9620844447545824,3.916701317917181,3.7527357074881054,3.353312995556342,3.4673019184169984
reference_78,3.892043366101936,3.657259574532211,3.9168675447686243,3.81709289644936,3.4829011035128294,3.1469002079866093,2.7813027487130597,3.536516483545203,3.7992879590370845,3.7514682270571176,3.587063283982163,3.2629421547404687,3.2377592176188514
reference_79,4.054496938597515,3.8513823098942757,4.11438037582531,4.2385496952457125,3.667581060695459,3.6833196185348536,3.434294034066344,3.3502892464679066,4.01066456905662,3.9951081854691437,3.8316089200479273,3.55017588230661,3.49875061477623
reference_80,3.7562854272264334,3.6106623781748586,3.8454345581846745,3.930232644114782,3.2947807156028124,3.3610371857114445,3.486100835980797,3.533673992704076,3.7086312381459967,3.7135197344789357,3.5083238897662437,3.303278042475768,3.227137343350983
reference_81,4.059637783835164,3.739336313799884,4.058762572004773,4.05533581850988,3.5604118665627205,3.6592927857469206,3.734873944498971,3.6665867435421884,3.82860039995686,3.971344435534397,3.6435505550214073,3.2311053796987386,3.192005646219017
reference_82,4.021882909880929,3.8039472662969827,3.461662998441267,4.0514815977267995,3.310528470041569,2.880868508690259,3.178118899144721,2.7024043062256617,3.7444750276817684,3.8460803488005486,3.5318644570623636,3.3613026679446714,3.3400334218088146
reference_83,4.540257659805088,4.38347898568039,4.500947506055737,4.439246417688777,4.173394108746163,4.11295831894604,4.259359246811773,4.215837358397906,4.3845323325802745,4.405477017017121,4.258564625187993,4.009282429410208,4.085351135495376
reference_84,4.289058759847646,4.050264994119731,4.332935877758069,4.32710212779365,3.892473420152137,3.6404307910467035,3.9051744337483263,3.870120275114358,4.140451233702849,4.02387908890477,3.946607576346755,3.619977335822815,3.625294985911572
reference_85,3.90472493021455,3.7792461897324325,4.014911837754821,4.129317363825031,3.565702476037994,3.55618599927598,3.3963353529227507,2.989939136751955,3.8456551440060456,3.790305672624446,3.6407130887706667,3.295100293465862,3.3419984998464756
reference_86,4.213498221297001,4.063613689867449,4.273866607608246,4.303790176452772,3.8016907991288766,3.869761215776214,3.509674827061403,3.6001477723335893,4.090538417931494,4.135278949591883,3.9242692109419703,3.447539114838216,3.719754411811483
reference_87,4.689495584958048,4.489220242087984,4.756894489410066,4.514386823118089,4.230926796085055,4.2821332406423505,4.197179259091474,4.321087337286037,4.484468631524947,4.614509179466666,4.375320373310566,4.110532989472148,4.227543986958789
reference_88,4.209414583488937,4.039291868553161,4.239793343391419,3.9739226757910378,3.7639820899063006,3.7859482299848892,3.6954457419776925,3.914555617679187,3.512859587622104,3.9668186477747533,3.412999279642105,3.6049293689691404,3.601617627754212
reference_89,4.119649187276329,3.8254043554075245,2.9425940182376147,4.026387568430956,3.2482389703154144,3.6022843918542007,3.1866069020496375,3.168270562368105,3.7896521407166253,3.9050515543089896,3.608856274963975,3.4506442131184136,3.4916020914327266
reference_90,4.122773007709462,3.8173114014221197,3.9045576484436033,4.122797368257099,3.6700937682853145,3.6075013732872,3.7390128456359872,3.6429702612038,3.878257504672629,3.864201950417782,3.679104763885498,3.4682554523691276,3.5250584501586917
reference_91,3.9241833254430833,3.7499084705652237,4.033044504167747,3.9007591318942665,3.6218395026208463,3.5563590384358417,3.730437543919373,3.7165371871786617,3.7534629686087535,3.747117946965382,3.595663404469013,3.4278519462537305,3.3677640688259123
reference_92,inf,inf,inf,inf,inf,inf,inf,inf,inf,inf,inf,inf,inf
reference_93,4.273124737620549,3.9989460981431004,4.209394167480468,4.265926110616646,3.8604685709233117,3.8482772701025505,3.7882311473536494,3.833421481593018,4.185762898205801,4.044640695994589,3.9729495855402943,3.6432760358398832,3.6927959187855715
reference_94,4.123926712534147,3.8436517336529685,4.076583046423221,4.077368168275186,3.682905072972939,3.639234012570409,3.696050602398406,3.7137246087637195,3.9943494135941346,3.906763130143976,3.8044331144844876,3.4245790435723005,3.4899247898680024
reference_95,3.421688296116715,3.2152456017024993,3.431946175574541,3.5239534355576363,3.152410170700119,3.012488469972974,3.1072782885197645,3.6854823919641753,3.33299015048872,3.2064254586282606,3.0729845531267164,3.4362166273327355,2.8291768280948637
reference_96,3.9588288031772807,3.6629549787522313,4.061099684568691,3.968122536543634,3.6147595174308376,3.576216431222353,3.3854252656848436,3.5279682434940494,3.9483697778081526,3.822846187979695,3.763807205699181,3.4180695845225957,3.446124983358955
reference_97,4.212556836480877,3.8932176687223286,4.182362856190886,4.378552271487155,3.921780819992445,3.9165584019768485,3.9388635263246647,3.8622112193540015,4.1295554947928315,4.124301004904707,3.9579432684223184,3.687898567814895,3.662629755796925
reference_98,4.1851568870450215,3.0573887662817003,4.1376204908329015,4.134534518553115,3.7846742930832615,3.2422711646719127,3.651035587713433,3.7751819228271533,4.043411340543436,4.007865037603678,3.8695881508492467,3.5244017669637495,3.545991331103897
reference_99,4.070752851364681,3.718560422271309,3.956953040679603,4.1336104694641085,3.639616396947598,3.676317541704418,3.5524632682651585,3.554566873418148,3.97761579446804,3.919666730049187,3.7582440264616843,3.435320677697282,3.407191551936306
reference_100,4.097172374852542,3.845853007911444,4.0731846582269675,4.173054568561234,3.6574897602496326,3.6833101441872644,3.722321962355376,3.668979624671634,4.0072833852917356,3.9063746279921143,3.7829109487831594,3.448442967713253,3.5354643221569066
reference_101,4.024093466238735,3.7493457422504424,3.6894083459999085,4.177246622234169,3.7101477744170537,3.62477871217215,3.738364703448487,3.6743095059345685,3.9526984767939832,3.882633845488088,3.750196005253887,3.315379469175453,3.34787411280899
reference_102,4.209605623869338,3.973015738382206,2.755758797295844,4.39034083265435,3.417079154277077,3.863905303380659,3.5974348879513705,3.3490650398777904,4.104298731552331,4.0444859983258015,3.86364291035414,3.647985260005702,3.585529193520504
reference_103,4.080623730850634,3.8492413980257503,3.675603057952913,4.209920743499798,3.5012637532993076,3.7099669611233974,3.328506462704074,3.320662082258698,3.975513414084085,3.941763423872023,3.765078342868524,3.3559322863134002,3.368939768745507
reference_104,3.9622688181009056,3.7396499786761974,3.7394339954471048,4.144103954088801,3.570834913419185,3.6280298358164944,3.645014769666823,3.628934726526046,3.9329345592832365,3.8550748921404554,3.7108854257695896,3.436617921160675,3.4046979059536913
reference_105,4.445438603810089,4.117701693513012,4.375505456377316,4.210567750744545,3.9731579693604346,3.9720823038845134,4.0942720253647815,4.034332427533607,4.334812983912556,4.313062705015194,4.167880122206807,3.748717101822075,3.7988714196230413
reference_106,4.178320385818162,3.909279421972518,3.06851371007913,4.2839056601333905,3.3485509399841,3.835734089477496,3.383351719423056,3.169111710302749,4.041817891447092,4.024006018105172,3.889322160202506,3.5203624081909273,3.6390136413027356
reference_107,4.0775307120497235,3.8636242260696885,4.058771914238691,4.05385823906101,3.618392766472781,3.541950209446404,3.555783540050984,3.4557572046831657,3.8991838222273003,3.9523910175496746,3.7207421314895153,3.4357952070238427,3.5110030421340466
reference_108,4.066849034701155,3.7724773654914667,3.7330055569111136,3.8963240251965914,3.59600487612625,3.6535203078293437,3.6969014949179364,3.5803134158445027,3.948711757468683,3.9099024084406904,3.74031489446704,3.204357256477419,3.1530226193386075
reference_109,4.041361600421058,3.7191719969791492,3.893274873445125,4.000488981727968,3.628765236088729,3.516558163148194,3.6926292660661315,3.450974163848623,3.887079528315394,3.817184501223834,3.665885761953968,3.302108760030704,3.098187531388464
reference_110,3.908689219868649,3.650600349483636,3.9217957792035976,4.028408876723841,3.5283813313530383,3.4917183709439525,3.565148695468274,3.4960590735387687,3.7678743929879435,3.6961390146145474,3.538176673467497,3.21714766007049,3.272307790313058
reference_111,3.950217095439427,3.6465889906056654,3.6978070527290545,4.041928199689509,3.494841599568796,3.460753738889678,3.532516607095081,3.389042108772116,3.7451655622078475,3.66955986968324,3.530025001852984,3.2318396836136727,3.115874817700086
reference_112,4.0279393938120265,3.818161126081299,3.9653637760092586,4.173808886532107,3.6687263265455234,3.637709304270344,3.7102227292589425,3.6992783405927003,3.944331930014128,3.8845559558683487,3.7382307206547685,3.490725533007918,3.4582201887931863
reference_113,4.288584878851734,3.9332269828748703,4.218865805185318,4.273626171408732,3.9227703218934296,3.8730941094076643,3.9500724965801237,3.897761843327192,4.174841610966095,3.9728442359202782,3.941463426260948,3.6996415708553965,3.6800110587701798
reference_114,4.196596879426622,4.054119759266009,3.2667500106918315,4.2856307364258495,3.4232316340826876,3.906398204518388,3.6746264285123678,3.4279552680601433,4.198821353251741,4.142186809573633,4.015358338947861,3.806455145041689,3.624443244585628
reference_115,3.800956396092554,3.5502675620799655,3.508729653653605,3.867857279678769,3.1556533887720484,3.4102112507062405,3.2565778266612497,3.327404020431313,3.66809083878941,3.6762258404108663,3.4850712409619775,3.147817971202559,3.1447448163107
reference_116,3.9440625026669043,3.6223821183472804,3.8410563216970157,4.074917391794666,3.547004935146409,3.420163719939791,3.5725518592176257,3.4468981937661956,3.718471395226709,3.724415568602865,3.5076939192722643,3.236194381076217,3.2870264595598315
reference_117,4.060865577070045,3.947905567160416,4.1491630704397915,4.224595508774604,3.7078074742987317,3.760437579375836,3.788428979602862,3.688279302600993,4.035486536326454,3.9771359257036125,3.8195262403206827,3.478664351292854,3.446319473124361
reference_118,3.9638939969186575,3.6811468839966888,3.4614518658552615,4.10189824807561,3.3765333845348593,3.5560885147986796,3.342528981109808,3.2799525330391672,3.8984934205890287,3.804986027674552,3.6926713543041774,3.2095312928331734,3.1844763798195714
reference_119,3.9919631740868624,3.8110289968729973,3.985008256071568,4.179856622658526,3.594173868831225,3.6192728066060673,3.664384340927888,3.571890761110273,3.86808511247914,3.738984296044056,3.674926751405716,3.374490632309918,3.377448539977169
reference_120,4.004972476908416,3.802300276077408,3.990436579299016,3.9693811737855316,3.5965887969424073,3.6719762104896363,3.6666563168380004,3.6958849018335926,3.909057277926849,3.9264800572032583,3.751951999780677,3.410787946422366,3.4161881188965575
reference_121,4.1728176350303645,4.028833772280794,3.6967778326255645,4.265771797110653,3.8203713068862006,3.7942989839388552,3.879083849884937,3.818064308496028,4.159733640283372,4.096170056467145,3.9574948575681987,3.6343214130921013,3.6534000885016553
reference_122,4.0263113880274,3.86889994942833,4.1493860277705705,4.196533097467149,3.6467506213099057,3.6593571115234806,3.3259287637988018,3.433735607778085,3.942119955601422,3.8407097274397093,3.697933830038349,3.376731095983726,3.462749518296588
reference_123,4.240455084987832,3.9707129754524946,3.8470761464085217,4.360070262523789,3.8426435155826666,3.8325626716613432,3.503026366880191,3.522917414570207,4.1075988390133436,4.085092063399096,3.9069077555602787,3.751781324063159,3.7213690731735105
reference_124,4.197474360623705,3.9384231190554138,4.266311336625232,3.997245120077619,3.6922930860804217,3.8059542994516087,3.887611491375437,3.9292537610985887,4.086631475530016,4.012311159308058,3.970198696334917,3.618692959101639,3.6418841523980863
reference_125,4.086859667724389,3.8517438144013645,3.609359701558854,4.10298073426164,3.411127442679639,3.5538017413519727,3.0740333810641074,2.957071517491894,3.99308226385507,3.9676478195926266,3.7983394534806263,3.5397509419863398,3.5241334292255826
reference_126,3.8631463332805236,3.652109122430749,3.971416851621045,4.023302222609115,3.508538501150714,3.530440365317438,3.219598451918225,3.1027193314617842,3.8132969546617432,3.81806688822415,3.6237734818697676,3.3812623080757027,3.386557456734552
reference_127,3.842200055456671,3.6137533231998784,3.559805828131959,4.0099228227422685,3.482859114771716,3.507654753463719,3.576664074744612,3.2880808180825047,3.7762250149762995,3.7616694241027324,3.580037468368698,3.3527836338115518,3.346195334426589
reference_128,3.991066942529453,3.6257888188929557,4.050058175656796,3.928470951628138,3.67810747751526,3.5954470983370577,3.6983553780534275,3.6898990057058265,3.869669748552919,3.6632784405968644,3.6870967427396772,3.507512768228587,3.382463578051805
reference_129,3.9780814625197816,3.830638100096762,3.683749505964696,4.114336626507776,3.616267020603553,3.6362561024842504,3.6968228985633256,3.60803382892682,3.944018874473381,3.8802260266985433,3.7481507405373455,3.3225831730383115,3.3982623451889156
reference_130,3.9796053025776277,3.718859523062611,3.304767955504704,4.133543354220527,3.5992868729116925,3.593807176278997,3.6884883409772167,3.614088566600396,3.9275193610009036,3.8130370838732905,3.7243979126490356,3.447162307461616,3.406156599759221
reference_131,3.989647901994212,3.812104724880409,3.4359527119587066,4.032097070509187,3.1953696778324368,3.263961464295189,3.0952592904826646,3.251457929400941,3.91959267675342,3.908361167252223,3.7282334761113525,3.43499452173163,3.392075360234714
reference_132,3.944257864412248,3.72664829816735,3.964014541036487,3.7265148857755848,3.602282411740488,3.5402802224824184,3.666265597175747,3.5980550807280256,3.803805878913204,3.831562646149492,3.623722087595801,3.335290738801717,3.059112186159451
reference_133,3.888036848979819,3.622749440026322,3.823664063331109,3.9133142348940524,3.458642067513683,3.4119906280693075,3.386764204715109,3.5251040745947715,3.709916448666815,3.712140852887431,3.4930953190723537,3.074539936404227,3.1618524012594085
reference_134,inf,inf,inf,inf,inf,inf,inf,inf,inf,inf,inf,inf,inf
reference_135,3.927077875514591,3.708165010978523,3.9540168678645977,3.9474506669524416,3.2961248368570226,3.5341276190154245,3.5470259853633768,3.1904729240226386,3.904282101151646,3.8466622163189106,3.7135116168983,3.252036748641906,3.344215202392708
reference_136,3.886653357272879,3.629631964988167,3.9679683752679797,3.9522860842780614,3.4936647433357226,3.506213231215878,3.6140297829919925,3.361631099047017,3.8368463428253325,3.7735238231506387,3.5828680797541153,3.315232156738599,3.3558269964021132
reference_137,4.085810594723578,3.9326795195902347,4.147842858040523,4.207225589082416,3.4716894810375765,3.7885371226837914,3.789106093625832,3.7961836163219287,4.130826222341422,4.039851077786755,3.9047546658673284,3.6038577399718634,3.5854703065853597
reference_138,3.7858581789495567,3.548838877364874,3.938698860059738,4.005339154192992,3.6105031685702413,3.583772888180688,3.6848334437870984,3.6358639855898742,3.81379066183817,3.7201650181836254,3.6067765052515273,3.4460605666293147,3.3623645696775912
reference_139,3.9975084562518437,3.8825828181318283,4.023319555432034,4.107056967331311,3.5772212574881124,3.6692454773973524,3.648926845543385,3.3674660357881794,4.013830335270319,3.9820668616430352,3.8166419215678453,3.375625100853145,3.4112362461138726
reference_140,3.897416117944863,3.6793507327080373,3.7917324623236586,4.0196468774819785,3.5285098253740212,3.5095403969295282,3.551849637071977,3.514233258624495,3.879609911741344,3.859000530714622,3.688707847163809,3.2009018538118332,3.3278380646662966
reference_141,3.94688510212592,3.736933561940695,3.9708826695396375,3.9930413490808996,3.5331156949645095,3.423031173431149,3.4724917756116342,3.311907415587778,3.84589194615908,3.797520930048149,3.6485768380248604,3.0782062715894827,3.2897876566073636
reference_142,4.055274059103179,3.8276063220705447,3.506464457008715,4.204862263206698,3.3052605616981285,3.663078313887542,3.3931506948787935,3.38590111420505,3.9298639228804753,3.9208325383202607,3.7310301897221683,3.3655878865729374,3.4797748950932657
reference_143,4.121812098940328,3.71510030537653,3.6366423585196497,4.158538352488275,3.693202726300129,3.6259949284815765,3.327985727072238,3.462292776335929,3.962026420489406,3.9532751209991437,3.7392836694025045,3.3704925831917163,3.378915825004149
reference_144,4.197228387678532,3.9985757571922305,3.9125205527744296,4.2865992807021,3.8080987266755866,3.8106710632390777,3.894438193189574,3.551022659721796,4.126581724491931,4.119758943640577,3.9511579874128104,3.634982274568055,3.683729089020252
reference_145,3.833931691727106,3.6005756544490573,3.4788274348801407,4.015709378741312,3.430281962239956,3.5017537834379633,3.5621469007305597,3.4837580006164695,3.817453672669508,3.789029151098192,3.6194509974929394,3.3091356662574003,3.2728376388730345
reference_146,4.051524183201717,3.7844587252594875,3.5412578166467603,4.164750047525543,3.1406407618565266,3.6636147440200717,3.461521704037582,3.397788098134115,3.9617032500523144,3.9455754549143105,3.763365841045734,3.2311865589416398,3.3599993934878767
reference_147,3.919772272555159,3.588420044603834,3.9304503025188113,3.936588709137799,3.4938267764340205,3.4736795132673763,3.657483517403265,3.3971698638079957,3.747198568323166,3.767188748198201,3.5672907414167634,3.244356177868644,3.2621183753814225
reference_148,3.800648651620119,3.637268391397689,3.992753807822698,3.971384697829608,3.5773094228053663,3.619647383905281,3.7118490726117375,3.7475589595950582,3.7035518615370537,3.8230033891928485,3.5191720745133535,3.569017308026029,3.3657730188691133
reference_149,4.005611259218562,3.7945592665274823,3.9931901928268925,3.973534155726368,3.589016953684157,3.5521265509060544,3.4641820711061437,3.4699343425632745,3.833684112339929,3.8417928586806465,3.6682498170816293,3.4019889750325674,3.4432582959300175
reference_150,4.315846973516109,4.124343602093696,4.182295078784466,4.214441572848918,3.9308159911227456,3.8891306630319105,4.031539940733672,3.9677465440620012,3.9938813692849426,4.054890212904792,3.854599902514815,3.7310872661456185,3.744031487552643
reference_151,3.9972395797701115,3.7914529087301254,3.9923378712966917,4.005765213555391,3.5777802248007746,3.587477932048941,3.6903514128412245,3.416339543397341,3.9654003963520803,3.915829404747996,3.756389414874673,3.4051648172666327,3.4809232270591495
reference_152,4.0489204093503846,3.98798627586174,4.1941507517071726,4.266365606132883,3.584953628903939,3.760363730608872,3.901666137683773,3.7551133601256863,4.130300479670521,4.045528354770349,3.9198708882369035,3.6236455982173053,3.6378896801739695
reference_153,4.030915615191631,3.7775777634914993,3.3338053482747436,4.158615428355421,3.3579928747481507,3.6367338500482167,3.6929276328084173,3.5648080720006012,3.925882627634239,3.9006388797817313,3.7249062122205197,3.4494399254585764,3.4909740190054537
reference_154,3.9213532611880306,3.660872899021199,3.9225888529491844,3.987824772442096,3.344868988515589,3.503541325422771,3.370759534358196,3.538374751199369,3.8068338454335375,3.7429003188881604,3.587751722285372,3.2426324739805996,3.1963528546882385
reference_155,3.940004726739741,3.663963869981351,3.9533113184035,3.914407469981727,3.3132939502945775,3.399255165946301,3.572765838933811,3.508450065188448,3.7755084521726965,3.7331065308214897,3.5508648037318546,3.1864686480040496,3.2779277203083494
reference_156,4.203916337492403,3.9274695103869433,3.246864026405862,4.253316272743173,3.19357500994653,3.6666369123554974,2.9382996534211854,2.635792366355394,4.047500577555821,3.952420212175344,3.828453376424132,3.5188798054460384,3.596224328519637
reference_157,4.061272695595523,3.8181143025167166,3.7297361476226345,4.173614228216261,3.0523303228088214,3.631989998386915,2.9747536179870533,2.9647914279585494,3.961162347516017,3.943160111887987,3.7956040674825724,3.42495002021347,3.445752739885968
reference_158,4.056663809569824,3.8811696199889454,4.0806020071674025,4.164865469754025,3.7144921194189733,3.69015707485419,3.77159794976054,3.4485741652420443,4.015271252913138,3.9834459092693204,3.8204426524047976,3.52724593002299,3.5010833171930207
reference_159,4.271192334565758,4.094180447046339,3.431956572083008,4.361232666222988,3.3791699460339055,3.926524855878456,3.438082896525121,2.9492205715094753,4.2281551561551245,4.203261876243453,4.012867161719441,3.753314721556293,3.7495725467459318
reference_160,4.045058006107817,3.7929821717495535,4.032009486694024,4.171415098368884,3.7168013041197168,3.707009125790377,3.751095335803425,3.7791319240822565,3.946136878040249,3.8735901932710233,3.734190927562963,3.529199666949009,3.5085747132540765
reference_161,4.231106572149391,3.998702979455566,4.1549984945899965,4.348840478646381,3.962391341939821,3.840699021913669,3.9500393945251466,3.9291923152174952,4.1057823057598615,4.015361733060107,3.9000669424018857,3.797815615278748,3.6394352490203854
reference_162,3.9914816116739273,3.7553540920123103,4.040917293294574,4.174017580010239,3.683545127075006,3.6670616644788363,3.719718979296493,3.6687626120096897,3.9338062921390184,3.845506485944212,3.701665434511495,3.477697964494536,3.409525812117052
reference_163,4.234529359768792,4.051906245132029,4.236095976281047,4.401945683900755,3.9163421428063767,3.9481246842271935,3.9925006254065645,3.945802844763544,4.179534588984099,4.028192381317342,3.957585192270577,3.746773204773527,3.686413961873978
reference_164,4.251891215785739,4.0773668998056065,4.279664101551051,4.428440547905105,4.021255154199494,3.989661727732312,4.043525546654076,4.044883302947183,4.213037713191321,4.045795194920238,4.029895111151024,3.864434491261777,3.7555932982491123
reference_165,4.280736531129773,4.013502060859108,4.264096612281132,4.403104497787251,3.9034804491776396,3.88985379331194,3.9885100987089634,3.91653712085664,4.169419894850652,4.06553604573326,3.9587849670040365,3.708080329416636,3.683718339434433
reference_166,3.8659889973475696,3.658560685214138,3.897849796079445,4.005209587803354,3.5834700115575666,3.54478954975763,3.6246307818902492,3.6265901996357885,3.7903537933245213,3.6400958773769476,3.5608338656224965,3.3006519797232854,3.331596561736202
reference_167,4.109129509549305,3.8089366351347795,4.085616659673428,4.234706443171027,3.787640625860673,3.6975510676754886,3.7617945762262397,3.6732992511036766,4.001647720083352,3.899132955872212,3.744938380501719,3.515645988398193,3.5026292171516604
reference_168,4.189567180448727,3.9949745504106398,3.4192152285097,4.317280626233493,3.3358252639975126,3.8834497630662352,3.3606306199843172,2.8630523346382915,4.175762609502767,4.106656774545557,3.9621854986031053,3.670871883900676,3.6057213577894807
reference_169,4.062597664879446,3.9074024744877045,3.2789012596492344,4.243025514341829,3.190248417209056,3.75910171506283,3.286407767587198,2.751177577311959,4.038758854958052,3.9721449497990364,3.8513986476921027,3.4237930933364824,3.4310545507801793
reference_170,4.105697534627708,3.822497119716591,3.746396341599684,4.232355311445102,3.4733046077110576,3.7053634034366394,3.2428755423857325,2.85025408763137,4.014847236753306,4.023719988427707,3.8352685068980974,3.2870986705728447,3.52342683384396
reference_171,4.050802229073965,3.757185944578962,3.979186704118454,4.1799251478965385,3.631275110180574,3.659994716941642,3.65106708684731,3.289042824955949,3.965176807147606,3.860194126378943,3.7597937238629906,3.4570982710514384,3.2549747967982703
reference_172,4.312925019609404,4.087092084412744,3.1980651709376295,4.40032915828451,3.565543239983124,3.970330673037008,3.690190026477987,3.5114306767220995,4.227007224630585,4.083251339851247,4.005717306221396,3.8372028841710177,3.7561616695593196
reference_173,4.172025248366343,3.4671389448977,3.721667817573738,4.188495425738642,3.540556388838449,3.312735855059362,3.246222702877235,3.0073800519141995,3.9555465005648034,3.989004874403532,3.7522013217873575,3.415649487902333,3.5178617213500503
reference_174,3.8742354821726925,3.635177789817096,3.7747582216587077,4.0090431835405544,3.502893272265849,3.4762717905073126,3.5621499034538266,3.4306975254777017,3.8038618675384486,3.7721300409321863,3.5715790854681737,3.1061837508222885,3.2167342824239737
reference_175,4.15935417315816,3.9351575854304013,3.6646133342802534,4.299708449612177,3.511974237788847,3.7242777120649704,3.384784878088012,3.3077771443482704,4.0154732970404945,4.014063327399236,3.8027176065387325,3.3841189886982064,3.5112560900613268
reference_176,4.053918739242726,3.74461230194412,3.562275934369574,4.1230187547593085,3.3538116670139715,3.6210782330522298,3.114312105609969,2.7932711465820304,3.8176574514476616,3.845794625881057,3.613552614510172,3.219016960818987,3.3523496412820264
reference_177,4.138322551472175,3.8861470203312996,3.448663025012362,4.274572778458952,3.3002580725276345,3.8055881867582753,3.5492818936455492,3.39729369739315,4.025341112759336,4.019308838171446,3.8550849130686524,3.563770537284139,3.5330753795270207
reference_178,4.252252402052076,4.078896391257856,4.277839038686734,4.421429232486634,4.021933463621328,3.999642569687869,4.042520505381976,4.041613124873305,4.213231360569918,4.040163417025328,4.028570776510426,3.8757024854761566,3.7508255712828444
reference_179,4.280736531129773,4.013502060859108,4.264096612281132,4.403104497787251,3.9034804491776396,3.88985379331194,3.9885100987089634,3.91653712085664,4.169419894850652,4.06553604573326,3.9587849670040365,3.708080329416636,3.683718339434433
reference_180,4.252727696773315,4.07343393755021,4.282332768366522,4.424951694307236,4.021278384506346,3.99525989740449,4.043247718804963,4.046668523091498,4.208101305428648,4.045391896247456,4.028790852542393,3.8602074382397413,3.7517315518889
reference_181,4.280736531129773,4.013502060859108,4.264096612281132,4.403104497787251,3.9034804491776396,3.88985379331194,3.9885100987089634,3.91653712085664,4.169419894850652,4.06553604573326,3.9587849670040365,3.708080329416636,3.683718339434433
reference_182,4.201693961405335,4.027630493741514,4.180282856908561,4.372412631884681,3.967529656523286,3.914638098122253,3.924456588518619,3.9645376015977303,4.126046626547923,4.055264846976395,3.9085699830300813,3.7481587746501335,3.658596674556971
reference_183,4.020440430114461,3.802194813101331,4.058172810818219,4.194991770753091,3.704805722561761,3.6805619499977884,3.7374877607633463,3.6968283937908883,3.964392752719004,3.86559810384625,3.7269468295939454,3.480376623401263,3.471488290542856
reference_184,4.198724143728996,3.958111825476402,3.252115608645976,4.2591585138131505,3.357169089271681,3.7741239196702163,3.3226316657444763,2.6573901949379595,4.076975104288082,4.0628242256852145,3.882996085795099,3.567491656266754,3.58328175094706
reference_185,4.171713831777939,3.92587615741629,3.4317827335382285,4.2058995101707515,3.3181257017867307,3.6781819754174223,3.192708975368315,2.673008889683837,3.9657623225108622,3.943840230473664,3.7308885792857427,3.442730576087258,3.5603047513571835
reference_186,3.6517629817840995,3.354753741386736,3.356871549631828,3.699658252199602,3.18232373283436,3.18040709742693,3.341853315833212,3.74821381145349,3.1904060923260786,3.4645590966872217,2.9838228584355835,3.410311281187254,3.091226203901581
reference_187,4.090513221112252,3.7833084585548193,3.9103243735521,4.149897182703801,3.672802276757278,3.661623045805585,3.4814238525440837,3.479838058318481,3.9900200956605776,3.9193941035424706,3.784169705738066,3.5407454903825557,3.5106850292619907
reference_188,4.082976818345313,3.7415158047437815,4.062732394549378,4.180299651989255,3.789905512346378,3.652685985638281,3.7269425665377813,3.8458904199782467,3.8978384134342323,3.786635016861056,3.7131427931451864,3.630373325241923,3.438985070710269
